city_name,issue_area,sale_state,room_sum,area,sumulation_price,sale_telephone,room_code,room_sale_area,room_sale_state,region,layout,url
杭州市,13600.27,在售楼盘,135,102.45,18872,0571-8668 8999,湖悦岚湾11幢1001室,82.59,可售,钱塘新区,暂无资料,http://www.tmsf.com/newhouse/presell_33_1838665986_1880807372.htm
杭州市,13600.27,在售楼盘,135,88.48,18982,0571-8668 8999,湖悦岚湾11幢1002室,71.33,可售,钱塘新区,暂无资料,http://www.tmsf.com/newhouse/presell_33_1838665986_1880807372.htm
杭州市,13600.27,在售楼盘,135,88.48,18982,0571-8668 8999,湖悦岚湾11幢1003室,71.33,可售,钱塘新区,暂无资料,http://www.tmsf.com/newhouse/presell_33_1838665986_1880807372.htm
杭州市,13600.27,在售楼盘,135,102.45,18122,0571-8668 8999,湖悦岚湾11幢1004室,82.59,可售,钱塘新区,暂无资料,http://www.tmsf.com/newhouse/presell_33_1838665986_1880807372.htm
杭州市,13600.27,在售楼盘,135,102.54,13852,0571-8668 8999,湖悦岚湾11幢104室,82.66,可售,钱塘新区,暂无资料,http://www.tmsf.com/newhouse/presell_33_1838665986_1880807372.htm
杭州市,13600.27,在售楼盘,135,102.45,18972,0571-8668 8999,湖悦岚湾11幢1101室,82.59,可售,钱塘新区,暂无资料,http://www.tmsf.com/newhouse/presell_33_1838665986_1880807372.htm
杭州市,13600.27,在售楼盘,135,88.48,19082,0571-8668 8999,湖悦岚湾11幢1102室,71.33,可售,钱塘新区,暂无资料,http://www.tmsf.com/newhouse/presell_33_1838665986_1880807372.htm
杭州市,13600.27,在售楼盘,135,88.48,19082,0571-8668 8999,湖悦岚湾11幢1103室,71.33,可售,钱塘新区,暂无资料,http://www.tmsf.com/newhouse/presell_33_1838665986_1880807372.htm
杭州市,13600.27,在售楼盘,135,102.45,18222,0571-8668 8999,湖悦岚湾11幢1104室,82.59,可售,钱塘新区,暂无资料,http://www.tmsf.com/newhouse/presell_33_1838665986_1880807372.htm
杭州市,13600.27,在售楼盘,135,102.45,19072,0571-8668 8999,湖悦岚湾11幢1201室,82.59,可售,钱塘新区,暂无资料,http://www.tmsf.com/newhouse/presell_33_1838665986_1880807372.htm
杭州市,13600.27,在售楼盘,135,88.48,19182,0571-8668 8999,湖悦岚湾11幢1202室,71.33,可售,钱塘新区,暂无资料,http://www.tmsf.com/newhouse/presell_33_1838665986_1880807372.htm
杭州市,13600.27,在售楼盘,135,88.48,19182,0571-8668 8999,湖悦岚湾11幢1203室,71.33,可售,钱塘新区,暂无资料,http://www.tmsf.com/newhouse/presell_33_1838665986_1880807372.htm
杭州市,13600.27,在售楼盘,135,102.45,18322,0571-8668 8999,湖悦岚湾11幢1204室,82.59,可售,钱塘新区,暂无资料,http://www.tmsf.com/newhouse/presell_33_1838665986_1880807372.htm
杭州市,13600.27,在售楼盘,135,102.45,19122,0571-8668 8999,湖悦岚湾11幢1301室,82.59,可售,钱塘新区,暂无资料,http://www.tmsf.com/newhouse/presell_33_1838665986_1880807372.htm
杭州市,13600.27,在售楼盘,135,88.48,19232,0571-8668 8999,湖悦岚湾11幢1302室,71.33,可售,钱塘新区,暂无资料,http://www.tmsf.com/newhouse/presell_33_1838665986_1880807372.htm
杭州市,13600.27,在售楼盘,135,88.48,19232,0571-8668 8999,湖悦岚湾11幢1303室,71.33,可售,钱塘新区,暂无资料,http://www.tmsf.com/newhouse/presell_33_1838665986_1880807372.htm
杭州市,13600.27,在售楼盘,135,102.45,18372,0571-8668 8999,湖悦岚湾11幢1304室,82.59,可售,钱塘新区,暂无资料,http://www.tmsf.com/newhouse/presell_33_1838665986_1880807372.htm
杭州市,13600.27,在售楼盘,135,102.45,19122,0571-8668 8999,湖悦岚湾11幢1401室,82.59,可售,钱塘新区,暂无资料,http://www.tmsf.com/newhouse/presell_33_1838665986_1880807372.htm
杭州市,13600.27,在售楼盘,135,88.48,19232,0571-8668 8999,湖悦岚湾11幢1402室,71.33,可售,钱塘新区,暂无资料,http://www.tmsf.com/newhouse/presell_33_1838665986_1880807372.htm
杭州市,13600.27,在售楼盘,135,88.48,19232,0571-8668 8999,湖悦岚湾11幢1403室,71.33,可售,钱塘新区,暂无资料,http://www.tmsf.com/newhouse/presell_33_1838665986_1880807372.htm
杭州市,13600.27,在售楼盘,135,102.45,18372,0571-8668 8999,湖悦岚湾11幢1404室,82.59,可售,钱塘新区,暂无资料,http://www.tmsf.com/newhouse/presell_33_1838665986_1880807372.htm
杭州市,13600.27,在售楼盘,135,102.45,19172,0571-8668 8999,湖悦岚湾11幢1501室,82.59,可售,钱塘新区,暂无资料,http://www.tmsf.com/newhouse/presell_33_1838665986_1880807372.htm
杭州市,13600.27,在售楼盘,135,88.48,19282,0571-8668 8999,湖悦岚湾11幢1502室,71.33,可售,钱塘新区,暂无资料,http://www.tmsf.com/newhouse/presell_33_1838665986_1880807372.htm
杭州市,13600.27,在售楼盘,135,88.48,19282,0571-8668 8999,湖悦岚湾11幢1503室,71.33,可售,钱塘新区,暂无资料,http://www.tmsf.com/newhouse/presell_33_1838665986_1880807372.htm
杭州市,13600.27,在售楼盘,135,102.45,18422,0571-8668 8999,湖悦岚湾11幢1504室,82.59,可售,钱塘新区,暂无资料,http://www.tmsf.com/newhouse/presell_33_1838665986_1880807372.htm
杭州市,13600.27,在售楼盘,135,102.45,19222,0571-8668 8999,湖悦岚湾11幢1601室,82.59,可售,钱塘新区,暂无资料,http://www.tmsf.com/newhouse/presell_33_1838665986_1880807372.htm
杭州市,13600.27,在售楼盘,135,88.48,19332,0571-8668 8999,湖悦岚湾11幢1602室,71.33,可售,钱塘新区,暂无资料,http://www.tmsf.com/newhouse/presell_33_1838665986_1880807372.htm
杭州市,13600.27,在售楼盘,135,88.48,19332,0571-8668 8999,湖悦岚湾11幢1603室,71.33,可售,钱塘新区,暂无资料,http://www.tmsf.com/newhouse/presell_33_1838665986_1880807372.htm
杭州市,13600.27,在售楼盘,135,102.45,18472,0571-8668 8999,湖悦岚湾11幢1604室,82.59,可售,钱塘新区,暂无资料,http://www.tmsf.com/newhouse/presell_33_1838665986_1880807372.htm
杭州市,13600.27,在售楼盘,135,102.45,19222,0571-8668 8999,湖悦岚湾11幢1701室,82.59,可售,钱塘新区,暂无资料,http://www.tmsf.com/newhouse/presell_33_1838665986_1880807372.htm
杭州市,13600.27,在售楼盘,135,88.48,19332,0571-8668 8999,湖悦岚湾11幢1702室,71.33,可售,钱塘新区,暂无资料,http://www.tmsf.com/newhouse/presell_33_1838665986_1880807372.htm
杭州市,13600.27,在售楼盘,135,88.48,19332,0571-8668 8999,湖悦岚湾11幢1703室,71.33,可售,钱塘新区,暂无资料,http://www.tmsf.com/newhouse/presell_33_1838665986_1880807372.htm
杭州市,13600.27,在售楼盘,135,102.45,18472,0571-8668 8999,湖悦岚湾11幢1704室,82.59,可售,钱塘新区,暂无资料,http://www.tmsf.com/newhouse/presell_33_1838665986_1880807372.htm
杭州市,13600.27,在售楼盘,135,102.45,17900,0571-8668 8999,湖悦岚湾11幢1801室,82.59,可售,钱塘新区,暂无资料,http://www.tmsf.com/newhouse/presell_33_1838665986_1880807372.htm
杭州市,13600.27,在售楼盘,135,88.48,18032,0571-8668 8999,湖悦岚湾11幢1802室,71.33,可售,钱塘新区,暂无资料,http://www.tmsf.com/newhouse/presell_33_1838665986_1880807372.htm
杭州市,13600.27,在售楼盘,135,88.48,18032,0571-8668 8999,湖悦岚湾11幢1803室,71.33,可售,钱塘新区,暂无资料,http://www.tmsf.com/newhouse/presell_33_1838665986_1880807372.htm
杭州市,13600.27,在售楼盘,135,102.45,17172,0571-8668 8999,湖悦岚湾11幢1804室,82.59,可售,钱塘新区,暂无资料,http://www.tmsf.com/newhouse/presell_33_1838665986_1880807372.htm
杭州市,13600.27,在售楼盘,135,102.45,15787,0571-8668 8999,湖悦岚湾11幢201室,82.59,可售,钱塘新区,暂无资料,http://www.tmsf.com/newhouse/presell_33_1838665986_1880807372.htm
杭州市,13600.27,在售楼盘,135,88.48,15982,0571-8668 8999,湖悦岚湾11幢202室,71.33,可售,钱塘新区,暂无资料,http://www.tmsf.com/newhouse/presell_33_1838665986_1880807372.htm
杭州市,13600.27,在售楼盘,135,88.48,15982,0571-8668 8999,湖悦岚湾11幢203室,71.33,可售,钱塘新区,暂无资料,http://www.tmsf.com/newhouse/presell_33_1838665986_1880807372.htm
杭州市,13600.27,在售楼盘,135,102.45,15122,0571-8668 8999,湖悦岚湾11幢204室,82.59,可售,钱塘新区,暂无资料,http://www.tmsf.com/newhouse/presell_33_1838665986_1880807372.htm
杭州市,13600.27,在售楼盘,135,102.45,17072,0571-8668 8999,湖悦岚湾11幢301室,82.59,可售,钱塘新区,暂无资料,http://www.tmsf.com/newhouse/presell_33_1838665986_1880807372.htm
杭州市,13600.27,在售楼盘,135,88.48,17182,0571-8668 8999,湖悦岚湾11幢302室,71.33,可售,钱塘新区,暂无资料,http://www.tmsf.com/newhouse/presell_33_1838665986_1880807372.htm
杭州市,13600.27,在售楼盘,135,88.48,17182,0571-8668 8999,湖悦岚湾11幢303室,71.33,可售,钱塘新区,暂无资料,http://www.tmsf.com/newhouse/presell_33_1838665986_1880807372.htm
杭州市,13600.27,在售楼盘,135,102.45,16322,0571-8668 8999,湖悦岚湾11幢304室,82.59,可售,钱塘新区,暂无资料,http://www.tmsf.com/newhouse/presell_33_1838665986_1880807372.htm
杭州市,13600.27,在售楼盘,135,102.45,17672,0571-8668 8999,湖悦岚湾11幢401室,82.59,可售,钱塘新区,暂无资料,http://www.tmsf.com/newhouse/presell_33_1838665986_1880807372.htm
杭州市,13600.27,在售楼盘,135,88.48,17782,0571-8668 8999,湖悦岚湾11幢402室,71.33,可售,钱塘新区,暂无资料,http://www.tmsf.com/newhouse/presell_33_1838665986_1880807372.htm
杭州市,13600.27,在售楼盘,135,88.48,17782,0571-8668 8999,湖悦岚湾11幢403室,71.33,可售,钱塘新区,暂无资料,http://www.tmsf.com/newhouse/presell_33_1838665986_1880807372.htm
杭州市,13600.27,在售楼盘,135,102.45,16922,0571-8668 8999,湖悦岚湾11幢404室,82.59,可售,钱塘新区,暂无资料,http://www.tmsf.com/newhouse/presell_33_1838665986_1880807372.htm
杭州市,13600.27,在售楼盘,135,102.45,18172,0571-8668 8999,湖悦岚湾11幢501室,82.59,可售,钱塘新区,暂无资料,http://www.tmsf.com/newhouse/presell_33_1838665986_1880807372.htm
杭州市,13600.27,在售楼盘,135,88.48,18282,0571-8668 8999,湖悦岚湾11幢502室,71.33,可售,钱塘新区,暂无资料,http://www.tmsf.com/newhouse/presell_33_1838665986_1880807372.htm
杭州市,13600.27,在售楼盘,135,88.48,18282,0571-8668 8999,湖悦岚湾11幢503室,71.33,可售,钱塘新区,暂无资料,http://www.tmsf.com/newhouse/presell_33_1838665986_1880807372.htm
杭州市,13600.27,在售楼盘,135,102.45,17422,0571-8668 8999,湖悦岚湾11幢504室,82.59,可售,钱塘新区,暂无资料,http://www.tmsf.com/newhouse/presell_33_1838665986_1880807372.htm
杭州市,13600.27,在售楼盘,135,102.45,18322,0571-8668 8999,湖悦岚湾11幢601室,82.59,可售,钱塘新区,暂无资料,http://www.tmsf.com/newhouse/presell_33_1838665986_1880807372.htm
杭州市,13600.27,在售楼盘,135,88.48,18432,0571-8668 8999,湖悦岚湾11幢602室,71.33,可售,钱塘新区,暂无资料,http://www.tmsf.com/newhouse/presell_33_1838665986_1880807372.htm
杭州市,13600.27,在售楼盘,135,88.48,18432,0571-8668 8999,湖悦岚湾11幢603室,71.33,可售,钱塘新区,暂无资料,http://www.tmsf.com/newhouse/presell_33_1838665986_1880807372.htm
杭州市,13600.27,在售楼盘,135,102.45,17572,0571-8668 8999,湖悦岚湾11幢604室,82.59,可售,钱塘新区,暂无资料,http://www.tmsf.com/newhouse/presell_33_1838665986_1880807372.htm
杭州市,13600.27,在售楼盘,135,102.45,18472,0571-8668 8999,湖悦岚湾11幢701室,82.59,可售,钱塘新区,暂无资料,http://www.tmsf.com/newhouse/presell_33_1838665986_1880807372.htm
杭州市,13600.27,在售楼盘,135,88.48,18582,0571-8668 8999,湖悦岚湾11幢702室,71.33,可售,钱塘新区,暂无资料,http://www.tmsf.com/newhouse/presell_33_1838665986_1880807372.htm
杭州市,13600.27,在售楼盘,135,88.48,18582,0571-8668 8999,湖悦岚湾11幢703室,71.33,可售,钱塘新区,暂无资料,http://www.tmsf.com/newhouse/presell_33_1838665986_1880807372.htm
杭州市,13600.27,在售楼盘,135,102.45,17722,0571-8668 8999,湖悦岚湾11幢704室,82.59,可售,钱塘新区,暂无资料,http://www.tmsf.com/newhouse/presell_33_1838665986_1880807372.htm
杭州市,13600.27,在售楼盘,135,102.45,18622,0571-8668 8999,湖悦岚湾11幢801室,82.59,可售,钱塘新区,暂无资料,http://www.tmsf.com/newhouse/presell_33_1838665986_1880807372.htm
杭州市,13600.27,在售楼盘,135,88.48,18732,0571-8668 8999,湖悦岚湾11幢802室,71.33,可售,钱塘新区,暂无资料,http://www.tmsf.com/newhouse/presell_33_1838665986_1880807372.htm
杭州市,13600.27,在售楼盘,135,88.48,18732,0571-8668 8999,湖悦岚湾11幢803室,71.33,可售,钱塘新区,暂无资料,http://www.tmsf.com/newhouse/presell_33_1838665986_1880807372.htm
杭州市,13600.27,在售楼盘,135,102.45,17872,0571-8668 8999,湖悦岚湾11幢804室,82.59,可售,钱塘新区,暂无资料,http://www.tmsf.com/newhouse/presell_33_1838665986_1880807372.htm
杭州市,13600.27,在售楼盘,135,102.45,18772,0571-8668 8999,湖悦岚湾11幢901室,82.59,可售,钱塘新区,暂无资料,http://www.tmsf.com/newhouse/presell_33_1838665986_1880807372.htm
杭州市,13600.27,在售楼盘,135,88.48,18882,0571-8668 8999,湖悦岚湾11幢902室,71.33,可售,钱塘新区,暂无资料,http://www.tmsf.com/newhouse/presell_33_1838665986_1880807372.htm
杭州市,13600.27,在售楼盘,135,88.48,18882,0571-8668 8999,湖悦岚湾11幢903室,71.33,可售,钱塘新区,暂无资料,http://www.tmsf.com/newhouse/presell_33_1838665986_1880807372.htm
杭州市,13600.27,在售楼盘,135,102.45,18022,0571-8668 8999,湖悦岚湾11幢904室,82.59,可售,钱塘新区,暂无资料,http://www.tmsf.com/newhouse/presell_33_1838665986_1880807372.htm
杭州市,13600.27,在售楼盘,135,3.92,0,0571-8668 8999,湖悦岚湾11幢地下管井室,3.92,限制房产,钱塘新区,暂无资料,http://www.tmsf.com/newhouse/presell_33_1838665986_1880807372.htm
杭州市,13600.27,在售楼盘,135,132.66,20680,0571-8668 8999,湖悦岚湾9幢1单元1001室,109.75,可售,钱塘新区,暂无资料,http://www.tmsf.com/newhouse/presell_33_1838665986_1880807372.htm
杭州市,13600.27,在售楼盘,135,100.12,20680,0571-8668 8999,湖悦岚湾9幢1单元1002室,82.83,可售,钱塘新区,暂无资料,http://www.tmsf.com/newhouse/presell_33_1838665986_1880807372.htm
杭州市,13600.27,在售楼盘,135,113.66,16332,0571-8668 8999,湖悦岚湾9幢1单元101室,94.03,可售,钱塘新区,暂无资料,http://www.tmsf.com/newhouse/presell_33_1838665986_1880807372.htm
杭州市,13600.27,在售楼盘,135,100.02,15882,0571-8668 8999,湖悦岚湾9幢1单元102室,82.75,可售,钱塘新区,暂无资料,http://www.tmsf.com/newhouse/presell_33_1838665986_1880807372.htm
杭州市,13600.27,在售楼盘,135,132.66,20032,0571-8668 8999,湖悦岚湾9幢1单元1101室,109.75,可售,钱塘新区,暂无资料,http://www.tmsf.com/newhouse/presell_33_1838665986_1880807372.htm
杭州市,13600.27,在售楼盘,135,100.12,19582,0571-8668 8999,湖悦岚湾9幢1单元1102室,82.83,可售,钱塘新区,暂无资料,http://www.tmsf.com/newhouse/presell_33_1838665986_1880807372.htm
杭州市,13600.27,在售楼盘,135,132.66,18052,0571-8668 8999,湖悦岚湾9幢1单元201室,109.75,可售,钱塘新区,暂无资料,http://www.tmsf.com/newhouse/presell_33_1838665986_1880807372.htm
杭州市,13600.27,在售楼盘,135,100.12,17782,0571-8668 8999,湖悦岚湾9幢1单元202室,82.83,可售,钱塘新区,暂无资料,http://www.tmsf.com/newhouse/presell_33_1838665986_1880807372.htm
杭州市,13600.27,在售楼盘,135,132.66,19032,0571-8668 8999,湖悦岚湾9幢1单元301室,109.75,可售,钱塘新区,暂无资料,http://www.tmsf.com/newhouse/presell_33_1838665986_1880807372.htm
杭州市,13600.27,在售楼盘,135,100.12,18782,0571-8668 8999,湖悦岚湾9幢1单元302室,82.83,可售,钱塘新区,暂无资料,http://www.tmsf.com/newhouse/presell_33_1838665986_1880807372.htm
杭州市,13600.27,在售楼盘,135,132.66,19652,0571-8668 8999,湖悦岚湾9幢1单元401室,109.75,可售,钱塘新区,暂无资料,http://www.tmsf.com/newhouse/presell_33_1838665986_1880807372.htm
杭州市,13600.27,在售楼盘,135,100.12,19382,0571-8668 8999,湖悦岚湾9幢1单元402室,82.83,可售,钱塘新区,暂无资料,http://www.tmsf.com/newhouse/presell_33_1838665986_1880807372.htm
杭州市,13600.27,在售楼盘,135,132.66,20132,0571-8668 8999,湖悦岚湾9幢1单元501室,109.75,可售,钱塘新区,暂无资料,http://www.tmsf.com/newhouse/presell_33_1838665986_1880807372.htm
杭州市,13600.27,在售楼盘,135,100.12,19982,0571-8668 8999,湖悦岚湾9幢1单元502室,82.83,可售,钱塘新区,暂无资料,http://www.tmsf.com/newhouse/presell_33_1838665986_1880807372.htm
杭州市,13600.27,在售楼盘,135,132.66,20452,0571-8668 8999,湖悦岚湾9幢1单元601室,109.75,可售,钱塘新区,暂无资料,http://www.tmsf.com/newhouse/presell_33_1838665986_1880807372.htm
杭州市,13600.27,在售楼盘,135,100.12,20282,0571-8668 8999,湖悦岚湾9幢1单元602室,82.83,可售,钱塘新区,暂无资料,http://www.tmsf.com/newhouse/presell_33_1838665986_1880807372.htm
杭州市,13600.27,在售楼盘,135,132.66,20680,0571-8668 8999,湖悦岚湾9幢1单元701室,109.75,可售,钱塘新区,暂无资料,http://www.tmsf.com/newhouse/presell_33_1838665986_1880807372.htm
杭州市,13600.27,在售楼盘,135,100.12,20680,0571-8668 8999,湖悦岚湾9幢1单元702室,82.83,可售,钱塘新区,暂无资料,http://www.tmsf.com/newhouse/presell_33_1838665986_1880807372.htm
杭州市,13600.27,在售楼盘,135,132.66,20680,0571-8668 8999,湖悦岚湾9幢1单元801室,109.75,可售,钱塘新区,暂无资料,http://www.tmsf.com/newhouse/presell_33_1838665986_1880807372.htm
杭州市,13600.27,在售楼盘,135,100.12,20680,0571-8668 8999,湖悦岚湾9幢1单元802室,82.83,可售,钱塘新区,暂无资料,http://www.tmsf.com/newhouse/presell_33_1838665986_1880807372.htm
杭州市,13600.27,在售楼盘,135,132.66,20680,0571-8668 8999,湖悦岚湾9幢1单元901室,109.75,可售,钱塘新区,暂无资料,http://www.tmsf.com/newhouse/presell_33_1838665986_1880807372.htm
杭州市,13600.27,在售楼盘,135,100.12,20680,0571-8668 8999,湖悦岚湾9幢1单元902室,82.83,可售,钱塘新区,暂无资料,http://www.tmsf.com/newhouse/presell_33_1838665986_1880807372.htm
杭州市,13600.27,在售楼盘,135,102.28,20632,0571-8668 8999,湖悦岚湾9幢2单元1001室,82.76,可售,钱塘新区,暂无资料,http://www.tmsf.com/newhouse/presell_33_1838665986_1880807372.htm
杭州市,13600.27,在售楼盘,135,102.37,20532,0571-8668 8999,湖悦岚湾9幢2单元1002室,82.83,可售,钱塘新区,暂无资料,http://www.tmsf.com/newhouse/presell_33_1838665986_1880807372.htm
杭州市,13600.27,在售楼盘,135,102.18,15732,0571-8668 8999,湖悦岚湾9幢2单元101室,82.68,可售,钱塘新区,暂无资料,http://www.tmsf.com/newhouse/presell_33_1838665986_1880807372.htm
杭州市,13600.27,在售楼盘,135,82.63,14832,0571-8668 8999,湖悦岚湾9幢2单元102室,66.86,可售,钱塘新区,暂无资料,http://www.tmsf.com/newhouse/presell_33_1838665986_1880807372.htm
杭州市,13600.27,在售楼盘,135,102.28,19432,0571-8668 8999,湖悦岚湾9幢2单元1101室,82.76,可售,钱塘新区,暂无资料,http://www.tmsf.com/newhouse/presell_33_1838665986_1880807372.htm
杭州市,13600.27,在售楼盘,135,102.37,19332,0571-8668 8999,湖悦岚湾9幢2单元1102室,82.83,可售,钱塘新区,暂无资料,http://www.tmsf.com/newhouse/presell_33_1838665986_1880807372.htm
杭州市,13600.27,在售楼盘,135,102.28,17432,0571-8668 8999,湖悦岚湾9幢2单元201室,82.76,可售,钱塘新区,暂无资料,http://www.tmsf.com/newhouse/presell_33_1838665986_1880807372.htm
杭州市,13600.27,在售楼盘,135,102.37,17332,0571-8668 8999,湖悦岚湾9幢2单元202室,82.83,可售,钱塘新区,暂无资料,http://www.tmsf.com/newhouse/presell_33_1838665986_1880807372.htm
杭州市,13600.27,在售楼盘,135,102.28,18432,0571-8668 8999,湖悦岚湾9幢2单元301室,82.76,可售,钱塘新区,暂无资料,http://www.tmsf.com/newhouse/presell_33_1838665986_1880807372.htm
杭州市,13600.27,在售楼盘,135,102.37,18332,0571-8668 8999,湖悦岚湾9幢2单元302室,82.83,可售,钱塘新区,暂无资料,http://www.tmsf.com/newhouse/presell_33_1838665986_1880807372.htm
杭州市,13600.27,在售楼盘,135,102.28,19032,0571-8668 8999,湖悦岚湾9幢2单元401室,82.76,可售,钱塘新区,暂无资料,http://www.tmsf.com/newhouse/presell_33_1838665986_1880807372.htm
杭州市,13600.27,在售楼盘,135,102.37,18932,0571-8668 8999,湖悦岚湾9幢2单元402室,82.83,可售,钱塘新区,暂无资料,http://www.tmsf.com/newhouse/presell_33_1838665986_1880807372.htm
杭州市,13600.27,在售楼盘,135,102.28,19532,0571-8668 8999,湖悦岚湾9幢2单元501室,82.76,可售,钱塘新区,暂无资料,http://www.tmsf.com/newhouse/presell_33_1838665986_1880807372.htm
杭州市,13600.27,在售楼盘,135,102.37,19432,0571-8668 8999,湖悦岚湾9幢2单元502室,82.83,可售,钱塘新区,暂无资料,http://www.tmsf.com/newhouse/presell_33_1838665986_1880807372.htm
杭州市,13600.27,在售楼盘,135,102.28,19832,0571-8668 8999,湖悦岚湾9幢2单元601室,82.76,可售,钱塘新区,暂无资料,http://www.tmsf.com/newhouse/presell_33_1838665986_1880807372.htm
杭州市,13600.27,在售楼盘,135,102.37,19732,0571-8668 8999,湖悦岚湾9幢2单元602室,82.83,可售,钱塘新区,暂无资料,http://www.tmsf.com/newhouse/presell_33_1838665986_1880807372.htm
杭州市,13600.27,在售楼盘,135,102.28,20232,0571-8668 8999,湖悦岚湾9幢2单元701室,82.76,可售,钱塘新区,暂无资料,http://www.tmsf.com/newhouse/presell_33_1838665986_1880807372.htm
杭州市,13600.27,在售楼盘,135,102.37,20132,0571-8668 8999,湖悦岚湾9幢2单元702室,82.83,可售,钱塘新区,暂无资料,http://www.tmsf.com/newhouse/presell_33_1838665986_1880807372.htm
杭州市,13600.27,在售楼盘,135,102.28,20432,0571-8668 8999,湖悦岚湾9幢2单元801室,82.76,可售,钱塘新区,暂无资料,http://www.tmsf.com/newhouse/presell_33_1838665986_1880807372.htm
杭州市,13600.27,在售楼盘,135,102.37,20332,0571-8668 8999,湖悦岚湾9幢2单元802室,82.83,可售,钱塘新区,暂无资料,http://www.tmsf.com/newhouse/presell_33_1838665986_1880807372.htm
杭州市,13600.27,在售楼盘,135,102.28,20632,0571-8668 8999,湖悦岚湾9幢2单元901室,82.76,可售,钱塘新区,暂无资料,http://www.tmsf.com/newhouse/presell_33_1838665986_1880807372.htm
杭州市,13600.27,在售楼盘,135,102.37,20532,0571-8668 8999,湖悦岚湾9幢2单元902室,82.83,可售,钱塘新区,暂无资料,http://www.tmsf.com/newhouse/presell_33_1838665986_1880807372.htm
杭州市,13600.27,在售楼盘,135,102.26,20532,0571-8668 8999,湖悦岚湾9幢3单元1001室,82.76,可售,钱塘新区,暂无资料,http://www.tmsf.com/newhouse/presell_33_1838665986_1880807372.htm
杭州市,13600.27,在售楼盘,135,102.35,20680,0571-8668 8999,湖悦岚湾9幢3单元1002室,82.83,可售,钱塘新区,暂无资料,http://www.tmsf.com/newhouse/presell_33_1838665986_1880807372.htm
杭州市,13600.27,在售楼盘,135,102.16,15632,0571-8668 8999,湖悦岚湾9幢3单元101室,82.68,可售,钱塘新区,暂无资料,http://www.tmsf.com/newhouse/presell_33_1838665986_1880807372.htm
杭州市,13600.27,在售楼盘,135,85.06,14982,0571-8668 8999,湖悦岚湾9幢3单元102室,68.84,可售,钱塘新区,暂无资料,http://www.tmsf.com/newhouse/presell_33_1838665986_1880807372.htm
杭州市,13600.27,在售楼盘,135,102.26,19332,0571-8668 8999,湖悦岚湾9幢3单元1101室,82.76,可售,钱塘新区,暂无资料,http://www.tmsf.com/newhouse/presell_33_1838665986_1880807372.htm
杭州市,13600.27,在售楼盘,135,102.35,19482,0571-8668 8999,湖悦岚湾9幢3单元1102室,82.83,可售,钱塘新区,暂无资料,http://www.tmsf.com/newhouse/presell_33_1838665986_1880807372.htm
杭州市,13600.27,在售楼盘,135,102.26,17332,0571-8668 8999,湖悦岚湾9幢3单元201室,82.76,可售,钱塘新区,暂无资料,http://www.tmsf.com/newhouse/presell_33_1838665986_1880807372.htm
杭州市,13600.27,在售楼盘,135,102.35,17482,0571-8668 8999,湖悦岚湾9幢3单元202室,82.83,可售,钱塘新区,暂无资料,http://www.tmsf.com/newhouse/presell_33_1838665986_1880807372.htm
杭州市,13600.27,在售楼盘,135,102.26,18332,0571-8668 8999,湖悦岚湾9幢3单元301室,82.76,可售,钱塘新区,暂无资料,http://www.tmsf.com/newhouse/presell_33_1838665986_1880807372.htm
杭州市,13600.27,在售楼盘,135,102.35,18482,0571-8668 8999,湖悦岚湾9幢3单元302室,82.83,可售,钱塘新区,暂无资料,http://www.tmsf.com/newhouse/presell_33_1838665986_1880807372.htm
杭州市,13600.27,在售楼盘,135,102.26,18932,0571-8668 8999,湖悦岚湾9幢3单元401室,82.76,可售,钱塘新区,暂无资料,http://www.tmsf.com/newhouse/presell_33_1838665986_1880807372.htm
杭州市,13600.27,在售楼盘,135,102.35,19082,0571-8668 8999,湖悦岚湾9幢3单元402室,82.83,可售,钱塘新区,暂无资料,http://www.tmsf.com/newhouse/presell_33_1838665986_1880807372.htm
杭州市,13600.27,在售楼盘,135,102.26,19432,0571-8668 8999,湖悦岚湾9幢3单元501室,82.76,可售,钱塘新区,暂无资料,http://www.tmsf.com/newhouse/presell_33_1838665986_1880807372.htm
杭州市,13600.27,在售楼盘,135,102.35,19582,0571-8668 8999,湖悦岚湾9幢3单元502室,82.83,可售,钱塘新区,暂无资料,http://www.tmsf.com/newhouse/presell_33_1838665986_1880807372.htm
杭州市,13600.27,在售楼盘,135,102.26,19732,0571-8668 8999,湖悦岚湾9幢3单元601室,82.76,可售,钱塘新区,暂无资料,http://www.tmsf.com/newhouse/presell_33_1838665986_1880807372.htm
杭州市,13600.27,在售楼盘,135,102.35,19882,0571-8668 8999,湖悦岚湾9幢3单元602室,82.83,可售,钱塘新区,暂无资料,http://www.tmsf.com/newhouse/presell_33_1838665986_1880807372.htm
杭州市,13600.27,在售楼盘,135,102.26,20132,0571-8668 8999,湖悦岚湾9幢3单元701室,82.76,可售,钱塘新区,暂无资料,http://www.tmsf.com/newhouse/presell_33_1838665986_1880807372.htm
杭州市,13600.27,在售楼盘,135,102.35,20282,0571-8668 8999,湖悦岚湾9幢3单元702室,82.83,可售,钱塘新区,暂无资料,http://www.tmsf.com/newhouse/presell_33_1838665986_1880807372.htm
杭州市,13600.27,在售楼盘,135,102.26,20332,0571-8668 8999,湖悦岚湾9幢3单元801室,82.76,可售,钱塘新区,暂无资料,http://www.tmsf.com/newhouse/presell_33_1838665986_1880807372.htm
杭州市,13600.27,在售楼盘,135,102.35,20482,0571-8668 8999,湖悦岚湾9幢3单元802室,82.83,可售,钱塘新区,暂无资料,http://www.tmsf.com/newhouse/presell_33_1838665986_1880807372.htm
杭州市,13600.27,在售楼盘,135,102.26,20532,0571-8668 8999,湖悦岚湾9幢3单元901室,82.76,可售,钱塘新区,暂无资料,http://www.tmsf.com/newhouse/presell_33_1838665986_1880807372.htm
杭州市,13600.27,在售楼盘,135,102.35,20680,0571-8668 8999,湖悦岚湾9幢3单元902室,82.83,可售,钱塘新区,暂无资料,http://www.tmsf.com/newhouse/presell_33_1838665986_1880807372.htm
city_name,issue_area,sale_state,room_sum,area,sumulation_price,sale_telephone,room_code,room_sale_area,room_sale_state,region,layout,url
杭州市,12526.78,在售楼盘,101,138.9,27430,,中骏·鼎湖未来云城10幢1001室,109.75,可售,南苑街道,暂无资料,http://www.tmsf.com/newhouse/presell_330184_1691738300_12686730.htm
杭州市,12526.78,在售楼盘,101,108.86,26430,,中骏·鼎湖未来云城10幢1002室,86.01,可售,南苑街道,暂无资料,http://www.tmsf.com/newhouse/presell_330184_1691738300_12686730.htm
杭州市,12526.78,在售楼盘,101,108.86,26430,,中骏·鼎湖未来云城10幢1003室,86.01,可售,南苑街道,暂无资料,http://www.tmsf.com/newhouse/presell_330184_1691738300_12686730.htm
杭州市,12526.78,在售楼盘,101,138.9,26930,,中骏·鼎湖未来云城10幢1004室,109.75,可售,南苑街道,暂无资料,http://www.tmsf.com/newhouse/presell_330184_1691738300_12686730.htm
杭州市,12526.78,在售楼盘,101,138.78,21180,,中骏·鼎湖未来云城10幢101室,109.65,可售,南苑街道,暂无资料,http://www.tmsf.com/newhouse/presell_330184_1691738300_12686730.htm
杭州市,12526.78,在售楼盘,101,138.9,27480,,中骏·鼎湖未来云城10幢1101室,109.75,可售,南苑街道,暂无资料,http://www.tmsf.com/newhouse/presell_330184_1691738300_12686730.htm
杭州市,12526.78,在售楼盘,101,108.86,26480,,中骏·鼎湖未来云城10幢1102室,86.01,可售,南苑街道,暂无资料,http://www.tmsf.com/newhouse/presell_330184_1691738300_12686730.htm
杭州市,12526.78,在售楼盘,101,108.86,26480,,中骏·鼎湖未来云城10幢1103室,86.01,可售,南苑街道,暂无资料,http://www.tmsf.com/newhouse/presell_330184_1691738300_12686730.htm
杭州市,12526.78,在售楼盘,101,138.9,26980,,中骏·鼎湖未来云城10幢1104室,109.75,可售,南苑街道,暂无资料,http://www.tmsf.com/newhouse/presell_330184_1691738300_12686730.htm
杭州市,12526.78,在售楼盘,101,138.9,27530,,中骏·鼎湖未来云城10幢1201室,109.75,可售,南苑街道,暂无资料,http://www.tmsf.com/newhouse/presell_330184_1691738300_12686730.htm
杭州市,12526.78,在售楼盘,101,108.86,26530,,中骏·鼎湖未来云城10幢1202室,86.01,可售,南苑街道,暂无资料,http://www.tmsf.com/newhouse/presell_330184_1691738300_12686730.htm
杭州市,12526.78,在售楼盘,101,108.86,26530,,中骏·鼎湖未来云城10幢1203室,86.01,可售,南苑街道,暂无资料,http://www.tmsf.com/newhouse/presell_330184_1691738300_12686730.htm
杭州市,12526.78,在售楼盘,101,138.9,27030,,中骏·鼎湖未来云城10幢1204室,109.75,可售,南苑街道,暂无资料,http://www.tmsf.com/newhouse/presell_330184_1691738300_12686730.htm
杭州市,12526.78,在售楼盘,101,138.9,27580,,中骏·鼎湖未来云城10幢1301室,109.75,可售,南苑街道,暂无资料,http://www.tmsf.com/newhouse/presell_330184_1691738300_12686730.htm
杭州市,12526.78,在售楼盘,101,108.86,26580,,中骏·鼎湖未来云城10幢1302室,86.01,可售,南苑街道,暂无资料,http://www.tmsf.com/newhouse/presell_330184_1691738300_12686730.htm
杭州市,12526.78,在售楼盘,101,108.86,26580,,中骏·鼎湖未来云城10幢1303室,86.01,可售,南苑街道,暂无资料,http://www.tmsf.com/newhouse/presell_330184_1691738300_12686730.htm
杭州市,12526.78,在售楼盘,101,138.9,27080,,中骏·鼎湖未来云城10幢1304室,109.75,可售,南苑街道,暂无资料,http://www.tmsf.com/newhouse/presell_330184_1691738300_12686730.htm
杭州市,12526.78,在售楼盘,101,138.9,27630,,中骏·鼎湖未来云城10幢1401室,109.75,可售,南苑街道,暂无资料,http://www.tmsf.com/newhouse/presell_330184_1691738300_12686730.htm
杭州市,12526.78,在售楼盘,101,108.86,26630,,中骏·鼎湖未来云城10幢1402室,86.01,可售,南苑街道,暂无资料,http://www.tmsf.com/newhouse/presell_330184_1691738300_12686730.htm
杭州市,12526.78,在售楼盘,101,108.86,26630,,中骏·鼎湖未来云城10幢1403室,86.01,可售,南苑街道,暂无资料,http://www.tmsf.com/newhouse/presell_330184_1691738300_12686730.htm
杭州市,12526.78,在售楼盘,101,138.9,27130,,中骏·鼎湖未来云城10幢1404室,109.75,可售,南苑街道,暂无资料,http://www.tmsf.com/newhouse/presell_330184_1691738300_12686730.htm
杭州市,12526.78,在售楼盘,101,138.9,27680,,中骏·鼎湖未来云城10幢1501室,109.75,可售,南苑街道,暂无资料,http://www.tmsf.com/newhouse/presell_330184_1691738300_12686730.htm
杭州市,12526.78,在售楼盘,101,108.86,26680,,中骏·鼎湖未来云城10幢1502室,86.01,可售,南苑街道,暂无资料,http://www.tmsf.com/newhouse/presell_330184_1691738300_12686730.htm
杭州市,12526.78,在售楼盘,101,108.86,26680,,中骏·鼎湖未来云城10幢1503室,86.01,可售,南苑街道,暂无资料,http://www.tmsf.com/newhouse/presell_330184_1691738300_12686730.htm
杭州市,12526.78,在售楼盘,101,138.9,27180,,中骏·鼎湖未来云城10幢1504室,109.75,可售,南苑街道,暂无资料,http://www.tmsf.com/newhouse/presell_330184_1691738300_12686730.htm
杭州市,12526.78,在售楼盘,101,138.9,27730,,中骏·鼎湖未来云城10幢1601室,109.75,可售,南苑街道,暂无资料,http://www.tmsf.com/newhouse/presell_330184_1691738300_12686730.htm
杭州市,12526.78,在售楼盘,101,108.86,26730,,中骏·鼎湖未来云城10幢1602室,86.01,可售,南苑街道,暂无资料,http://www.tmsf.com/newhouse/presell_330184_1691738300_12686730.htm
杭州市,12526.78,在售楼盘,101,108.86,26730,,中骏·鼎湖未来云城10幢1603室,86.01,可售,南苑街道,暂无资料,http://www.tmsf.com/newhouse/presell_330184_1691738300_12686730.htm
杭州市,12526.78,在售楼盘,101,138.9,27230,,中骏·鼎湖未来云城10幢1604室,109.75,可售,南苑街道,暂无资料,http://www.tmsf.com/newhouse/presell_330184_1691738300_12686730.htm
杭州市,12526.78,在售楼盘,101,138.9,27780,,中骏·鼎湖未来云城10幢1701室,109.75,可售,南苑街道,暂无资料,http://www.tmsf.com/newhouse/presell_330184_1691738300_12686730.htm
杭州市,12526.78,在售楼盘,101,108.86,26780,,中骏·鼎湖未来云城10幢1702室,86.01,可售,南苑街道,暂无资料,http://www.tmsf.com/newhouse/presell_330184_1691738300_12686730.htm
杭州市,12526.78,在售楼盘,101,108.86,26780,,中骏·鼎湖未来云城10幢1703室,86.01,可售,南苑街道,暂无资料,http://www.tmsf.com/newhouse/presell_330184_1691738300_12686730.htm
杭州市,12526.78,在售楼盘,101,138.9,27280,,中骏·鼎湖未来云城10幢1704室,109.75,可售,南苑街道,暂无资料,http://www.tmsf.com/newhouse/presell_330184_1691738300_12686730.htm
杭州市,12526.78,在售楼盘,101,138.9,27830,,中骏·鼎湖未来云城10幢1801室,109.75,可售,南苑街道,暂无资料,http://www.tmsf.com/newhouse/presell_330184_1691738300_12686730.htm
杭州市,12526.78,在售楼盘,101,108.86,26830,,中骏·鼎湖未来云城10幢1802室,86.01,可售,南苑街道,暂无资料,http://www.tmsf.com/newhouse/presell_330184_1691738300_12686730.htm
杭州市,12526.78,在售楼盘,101,108.86,26830,,中骏·鼎湖未来云城10幢1803室,86.01,可售,南苑街道,暂无资料,http://www.tmsf.com/newhouse/presell_330184_1691738300_12686730.htm
杭州市,12526.78,在售楼盘,101,138.9,27330,,中骏·鼎湖未来云城10幢1804室,109.75,可售,南苑街道,暂无资料,http://www.tmsf.com/newhouse/presell_330184_1691738300_12686730.htm
杭州市,12526.78,在售楼盘,101,138.9,27880,,中骏·鼎湖未来云城10幢1901室,109.75,可售,南苑街道,暂无资料,http://www.tmsf.com/newhouse/presell_330184_1691738300_12686730.htm
杭州市,12526.78,在售楼盘,101,108.86,26880,,中骏·鼎湖未来云城10幢1902室,86.01,可售,南苑街道,暂无资料,http://www.tmsf.com/newhouse/presell_330184_1691738300_12686730.htm
杭州市,12526.78,在售楼盘,101,108.86,26880,,中骏·鼎湖未来云城10幢1903室,86.01,可售,南苑街道,暂无资料,http://www.tmsf.com/newhouse/presell_330184_1691738300_12686730.htm
杭州市,12526.78,在售楼盘,101,138.9,27380,,中骏·鼎湖未来云城10幢1904室,109.75,可售,南苑街道,暂无资料,http://www.tmsf.com/newhouse/presell_330184_1691738300_12686730.htm
杭州市,12526.78,在售楼盘,101,138.9,27930,,中骏·鼎湖未来云城10幢2001室,109.75,可售,南苑街道,暂无资料,http://www.tmsf.com/newhouse/presell_330184_1691738300_12686730.htm
杭州市,12526.78,在售楼盘,101,108.86,26930,,中骏·鼎湖未来云城10幢2002室,86.01,可售,南苑街道,暂无资料,http://www.tmsf.com/newhouse/presell_330184_1691738300_12686730.htm
杭州市,12526.78,在售楼盘,101,108.86,26930,,中骏·鼎湖未来云城10幢2003室,86.01,可售,南苑街道,暂无资料,http://www.tmsf.com/newhouse/presell_330184_1691738300_12686730.htm
杭州市,12526.78,在售楼盘,101,138.9,27430,,中骏·鼎湖未来云城10幢2004室,109.75,可售,南苑街道,暂无资料,http://www.tmsf.com/newhouse/presell_330184_1691738300_12686730.htm
杭州市,12526.78,在售楼盘,101,138.9,23680,,中骏·鼎湖未来云城10幢201室,109.75,可售,南苑街道,暂无资料,http://www.tmsf.com/newhouse/presell_330184_1691738300_12686730.htm
杭州市,12526.78,在售楼盘,101,108.86,22680,,中骏·鼎湖未来云城10幢202室,86.01,可售,南苑街道,暂无资料,http://www.tmsf.com/newhouse/presell_330184_1691738300_12686730.htm
杭州市,12526.78,在售楼盘,101,108.86,22680,,中骏·鼎湖未来云城10幢203室,86.01,可售,南苑街道,暂无资料,http://www.tmsf.com/newhouse/presell_330184_1691738300_12686730.htm
杭州市,12526.78,在售楼盘,101,138.9,23180,,中骏·鼎湖未来云城10幢204室,109.75,可售,南苑街道,暂无资料,http://www.tmsf.com/newhouse/presell_330184_1691738300_12686730.htm
杭州市,12526.78,在售楼盘,101,138.9,27980,,中骏·鼎湖未来云城10幢2101室,109.75,可售,南苑街道,暂无资料,http://www.tmsf.com/newhouse/presell_330184_1691738300_12686730.htm
杭州市,12526.78,在售楼盘,101,108.86,26980,,中骏·鼎湖未来云城10幢2102室,86.01,可售,南苑街道,暂无资料,http://www.tmsf.com/newhouse/presell_330184_1691738300_12686730.htm
杭州市,12526.78,在售楼盘,101,108.86,26980,,中骏·鼎湖未来云城10幢2103室,86.01,可售,南苑街道,暂无资料,http://www.tmsf.com/newhouse/presell_330184_1691738300_12686730.htm
杭州市,12526.78,在售楼盘,101,138.9,27480,,中骏·鼎湖未来云城10幢2104室,109.75,可售,南苑街道,暂无资料,http://www.tmsf.com/newhouse/presell_330184_1691738300_12686730.htm
杭州市,12526.78,在售楼盘,101,138.9,28030,,中骏·鼎湖未来云城10幢2201室,109.75,可售,南苑街道,暂无资料,http://www.tmsf.com/newhouse/presell_330184_1691738300_12686730.htm
杭州市,12526.78,在售楼盘,101,108.86,27030,,中骏·鼎湖未来云城10幢2202室,86.01,可售,南苑街道,暂无资料,http://www.tmsf.com/newhouse/presell_330184_1691738300_12686730.htm
杭州市,12526.78,在售楼盘,101,108.86,27030,,中骏·鼎湖未来云城10幢2203室,86.01,可售,南苑街道,暂无资料,http://www.tmsf.com/newhouse/presell_330184_1691738300_12686730.htm
杭州市,12526.78,在售楼盘,101,138.9,27530,,中骏·鼎湖未来云城10幢2204室,109.75,可售,南苑街道,暂无资料,http://www.tmsf.com/newhouse/presell_330184_1691738300_12686730.htm
杭州市,12526.78,在售楼盘,101,138.9,28050,,中骏·鼎湖未来云城10幢2301室,109.75,可售,南苑街道,暂无资料,http://www.tmsf.com/newhouse/presell_330184_1691738300_12686730.htm
杭州市,12526.78,在售楼盘,101,108.86,27080,,中骏·鼎湖未来云城10幢2302室,86.01,可售,南苑街道,暂无资料,http://www.tmsf.com/newhouse/presell_330184_1691738300_12686730.htm
杭州市,12526.78,在售楼盘,101,108.86,27080,,中骏·鼎湖未来云城10幢2303室,86.01,可售,南苑街道,暂无资料,http://www.tmsf.com/newhouse/presell_330184_1691738300_12686730.htm
杭州市,12526.78,在售楼盘,101,138.9,27580,,中骏·鼎湖未来云城10幢2304室,109.75,可售,南苑街道,暂无资料,http://www.tmsf.com/newhouse/presell_330184_1691738300_12686730.htm
杭州市,12526.78,在售楼盘,101,138.9,28050,,中骏·鼎湖未来云城10幢2401室,109.75,可售,南苑街道,暂无资料,http://www.tmsf.com/newhouse/presell_330184_1691738300_12686730.htm
杭州市,12526.78,在售楼盘,101,108.86,27130,,中骏·鼎湖未来云城10幢2402室,86.01,可售,南苑街道,暂无资料,http://www.tmsf.com/newhouse/presell_330184_1691738300_12686730.htm
杭州市,12526.78,在售楼盘,101,108.86,27130,,中骏·鼎湖未来云城10幢2403室,86.01,可售,南苑街道,暂无资料,http://www.tmsf.com/newhouse/presell_330184_1691738300_12686730.htm
杭州市,12526.78,在售楼盘,101,138.9,27630,,中骏·鼎湖未来云城10幢2404室,109.75,可售,南苑街道,暂无资料,http://www.tmsf.com/newhouse/presell_330184_1691738300_12686730.htm
杭州市,12526.78,在售楼盘,101,138.9,28050,,中骏·鼎湖未来云城10幢2501室,109.75,可售,南苑街道,暂无资料,http://www.tmsf.com/newhouse/presell_330184_1691738300_12686730.htm
杭州市,12526.78,在售楼盘,101,108.86,27180,,中骏·鼎湖未来云城10幢2502室,86.01,可售,南苑街道,暂无资料,http://www.tmsf.com/newhouse/presell_330184_1691738300_12686730.htm
杭州市,12526.78,在售楼盘,101,108.86,27180,,中骏·鼎湖未来云城10幢2503室,86.01,可售,南苑街道,暂无资料,http://www.tmsf.com/newhouse/presell_330184_1691738300_12686730.htm
杭州市,12526.78,在售楼盘,101,138.9,27680,,中骏·鼎湖未来云城10幢2504室,109.75,可售,南苑街道,暂无资料,http://www.tmsf.com/newhouse/presell_330184_1691738300_12686730.htm
杭州市,12526.78,在售楼盘,101,138.9,27550,,中骏·鼎湖未来云城10幢2601室,109.75,可售,南苑街道,暂无资料,http://www.tmsf.com/newhouse/presell_330184_1691738300_12686730.htm
杭州市,12526.78,在售楼盘,101,108.86,26680,,中骏·鼎湖未来云城10幢2602室,86.01,可售,南苑街道,暂无资料,http://www.tmsf.com/newhouse/presell_330184_1691738300_12686730.htm
杭州市,12526.78,在售楼盘,101,108.86,26680,,中骏·鼎湖未来云城10幢2603室,86.01,可售,南苑街道,暂无资料,http://www.tmsf.com/newhouse/presell_330184_1691738300_12686730.htm
杭州市,12526.78,在售楼盘,101,138.9,27180,,中骏·鼎湖未来云城10幢2604室,109.75,可售,南苑街道,暂无资料,http://www.tmsf.com/newhouse/presell_330184_1691738300_12686730.htm
杭州市,12526.78,在售楼盘,101,138.9,25180,,中骏·鼎湖未来云城10幢301室,109.75,可售,南苑街道,暂无资料,http://www.tmsf.com/newhouse/presell_330184_1691738300_12686730.htm
杭州市,12526.78,在售楼盘,101,108.86,24180,,中骏·鼎湖未来云城10幢302室,86.01,可售,南苑街道,暂无资料,http://www.tmsf.com/newhouse/presell_330184_1691738300_12686730.htm
杭州市,12526.78,在售楼盘,101,108.86,24180,,中骏·鼎湖未来云城10幢303室,86.01,可售,南苑街道,暂无资料,http://www.tmsf.com/newhouse/presell_330184_1691738300_12686730.htm
杭州市,12526.78,在售楼盘,101,138.9,24680,,中骏·鼎湖未来云城10幢304室,109.75,可售,南苑街道,暂无资料,http://www.tmsf.com/newhouse/presell_330184_1691738300_12686730.htm
杭州市,12526.78,在售楼盘,101,138.9,25180,,中骏·鼎湖未来云城10幢401室,109.75,可售,南苑街道,暂无资料,http://www.tmsf.com/newhouse/presell_330184_1691738300_12686730.htm
杭州市,12526.78,在售楼盘,101,108.86,24180,,中骏·鼎湖未来云城10幢402室,86.01,可售,南苑街道,暂无资料,http://www.tmsf.com/newhouse/presell_330184_1691738300_12686730.htm
杭州市,12526.78,在售楼盘,101,108.86,24180,,中骏·鼎湖未来云城10幢403室,86.01,可售,南苑街道,暂无资料,http://www.tmsf.com/newhouse/presell_330184_1691738300_12686730.htm
杭州市,12526.78,在售楼盘,101,138.9,24680,,中骏·鼎湖未来云城10幢404室,109.75,可售,南苑街道,暂无资料,http://www.tmsf.com/newhouse/presell_330184_1691738300_12686730.htm
杭州市,12526.78,在售楼盘,101,138.9,27180,,中骏·鼎湖未来云城10幢501室,109.75,可售,南苑街道,暂无资料,http://www.tmsf.com/newhouse/presell_330184_1691738300_12686730.htm
杭州市,12526.78,在售楼盘,101,108.86,26180,,中骏·鼎湖未来云城10幢502室,86.01,可售,南苑街道,暂无资料,http://www.tmsf.com/newhouse/presell_330184_1691738300_12686730.htm
杭州市,12526.78,在售楼盘,101,108.86,26180,,中骏·鼎湖未来云城10幢503室,86.01,可售,南苑街道,暂无资料,http://www.tmsf.com/newhouse/presell_330184_1691738300_12686730.htm
杭州市,12526.78,在售楼盘,101,138.9,26680,,中骏·鼎湖未来云城10幢504室,109.75,可售,南苑街道,暂无资料,http://www.tmsf.com/newhouse/presell_330184_1691738300_12686730.htm
杭州市,12526.78,在售楼盘,101,138.9,27230,,中骏·鼎湖未来云城10幢601室,109.75,可售,南苑街道,暂无资料,http://www.tmsf.com/newhouse/presell_330184_1691738300_12686730.htm
杭州市,12526.78,在售楼盘,101,108.86,26230,,中骏·鼎湖未来云城10幢602室,86.01,可售,南苑街道,暂无资料,http://www.tmsf.com/newhouse/presell_330184_1691738300_12686730.htm
杭州市,12526.78,在售楼盘,101,108.86,26230,,中骏·鼎湖未来云城10幢603室,86.01,可售,南苑街道,暂无资料,http://www.tmsf.com/newhouse/presell_330184_1691738300_12686730.htm
杭州市,12526.78,在售楼盘,101,138.9,26730,,中骏·鼎湖未来云城10幢604室,109.75,可售,南苑街道,暂无资料,http://www.tmsf.com/newhouse/presell_330184_1691738300_12686730.htm
杭州市,12526.78,在售楼盘,101,138.9,27280,,中骏·鼎湖未来云城10幢701室,109.75,可售,南苑街道,暂无资料,http://www.tmsf.com/newhouse/presell_330184_1691738300_12686730.htm
杭州市,12526.78,在售楼盘,101,108.86,26280,,中骏·鼎湖未来云城10幢702室,86.01,可售,南苑街道,暂无资料,http://www.tmsf.com/newhouse/presell_330184_1691738300_12686730.htm
杭州市,12526.78,在售楼盘,101,108.86,26280,,中骏·鼎湖未来云城10幢703室,86.01,可售,南苑街道,暂无资料,http://www.tmsf.com/newhouse/presell_330184_1691738300_12686730.htm
杭州市,12526.78,在售楼盘,101,138.9,26780,,中骏·鼎湖未来云城10幢704室,109.75,可售,南苑街道,暂无资料,http://www.tmsf.com/newhouse/presell_330184_1691738300_12686730.htm
杭州市,12526.78,在售楼盘,101,138.9,27330,,中骏·鼎湖未来云城10幢801室,109.75,可售,南苑街道,暂无资料,http://www.tmsf.com/newhouse/presell_330184_1691738300_12686730.htm
杭州市,12526.78,在售楼盘,101,108.86,26330,,中骏·鼎湖未来云城10幢802室,86.01,可售,南苑街道,暂无资料,http://www.tmsf.com/newhouse/presell_330184_1691738300_12686730.htm
杭州市,12526.78,在售楼盘,101,108.86,26330,,中骏·鼎湖未来云城10幢803室,86.01,可售,南苑街道,暂无资料,http://www.tmsf.com/newhouse/presell_330184_1691738300_12686730.htm
杭州市,12526.78,在售楼盘,101,138.9,26830,,中骏·鼎湖未来云城10幢804室,109.75,可售,南苑街道,暂无资料,http://www.tmsf.com/newhouse/presell_330184_1691738300_12686730.htm
杭州市,12526.78,在售楼盘,101,138.9,27380,,中骏·鼎湖未来云城10幢901室,109.75,可售,南苑街道,暂无资料,http://www.tmsf.com/newhouse/presell_330184_1691738300_12686730.htm
杭州市,12526.78,在售楼盘,101,108.86,26380,,中骏·鼎湖未来云城10幢902室,86.01,可售,南苑街道,暂无资料,http://www.tmsf.com/newhouse/presell_330184_1691738300_12686730.htm
杭州市,12526.78,在售楼盘,101,108.86,26380,,中骏·鼎湖未来云城10幢903室,86.01,可售,南苑街道,暂无资料,http://www.tmsf.com/newhouse/presell_330184_1691738300_12686730.htm
杭州市,12526.78,在售楼盘,101,138.9,26880,,中骏·鼎湖未来云城10幢904室,109.75,可售,南苑街道,暂无资料,http://www.tmsf.com/newhouse/presell_330184_1691738300_12686730.htm
杭州市,12526.78,在售楼盘,101,164,0,,中骏·鼎湖未来云城10幢雪海路44室,159.46,限制房产,南苑街道,暂无资料,http://www.tmsf.com/newhouse/presell_330184_1691738300_12686730.htm
杭州市,12526.78,在售楼盘,101,210.03,0,,中骏·鼎湖未来云城10幢雪海路52室,204.22,限制房产,南苑街道,暂无资料,http://www.tmsf.com/newhouse/presell_330184_1691738300_12686730.htm
杭州市,12526.78,在售楼盘,101,241.9,0,,中骏·鼎湖未来云城10幢雪海路54室,235.21,限制房产,南苑街道,暂无资料,http://www.tmsf.com/newhouse/presell_330184_1691738300_12686730.htm
杭州市,12526.78,在售楼盘,101,256.44,0,,中骏·鼎湖未来云城10幢雪海路56室,249.34,限制房产,南苑街道,暂无资料,http://www.tmsf.com/newhouse/presell_330184_1691738300_12686730.htm
area,city_name,issue_area,layout,region,room_code,room_sale_area,room_sale_state,room_sum,sale_state,sale_telephone,sumulation_price,url
351.56,杭州市,29063.48,暂无资料,拱墅,建发·缦云7幢1001室,241.9,可售,90,在售楼盘,0571-56685555,0,http://www.tmsf.com/newhouse/presell_33_1710044699_1879755541.htm
318.68,杭州市,29063.48,暂无资料,拱墅,建发·缦云6幢1001室,223.72,可售,90,在售楼盘,0571-56685555,0,http://www.tmsf.com/newhouse/presell_33_1710044699_1879755541.htm
318.67,杭州市,29063.48,暂无资料,拱墅,建发·缦云3幢1001室,223.72,可售,90,在售楼盘,0571-56685555,0,http://www.tmsf.com/newhouse/presell_33_1710044699_1879755541.htm
318.28,杭州市,29063.48,暂无资料,拱墅,建发·缦云6幢1002室,223.44,可售,90,在售楼盘,0571-56685555,0,http://www.tmsf.com/newhouse/presell_33_1710044699_1879755541.htm
318.28,杭州市,29063.48,暂无资料,拱墅,建发·缦云3幢1002室,223.44,可售,90,在售楼盘,0571-56685555,0,http://www.tmsf.com/newhouse/presell_33_1710044699_1879755541.htm
326.19,杭州市,29063.48,暂无资料,拱墅,建发·缦云7幢1002室,224.44,可售,90,在售楼盘,0571-56685555,0,http://www.tmsf.com/newhouse/presell_33_1710044699_1879755541.htm
257.79,杭州市,29063.48,暂无资料,拱墅,建发·缦云7幢101室,216.95,可售,90,在售楼盘,0571-56685555,0,http://www.tmsf.com/newhouse/presell_33_1710044699_1879755541.htm
312.28,杭州市,29063.48,暂无资料,拱墅,建发·缦云6幢101室,229.7,可售,90,在售楼盘,0571-56685555,0,http://www.tmsf.com/newhouse/presell_33_1710044699_1879755541.htm
312.83,杭州市,29063.48,暂无资料,拱墅,建发·缦云3幢101室,230.13,可售,90,在售楼盘,0571-56685555,0,http://www.tmsf.com/newhouse/presell_33_1710044699_1879755541.htm
313.43,杭州市,29063.48,暂无资料,拱墅,建发·缦云6幢102室,230.54,可售,90,在售楼盘,0571-56685555,0,http://www.tmsf.com/newhouse/presell_33_1710044699_1879755541.htm
313.44,杭州市,29063.48,暂无资料,拱墅,建发·缦云3幢102室,230.58,可售,90,在售楼盘,0571-56685555,0,http://www.tmsf.com/newhouse/presell_33_1710044699_1879755541.htm
254.43,杭州市,29063.48,暂无资料,拱墅,建发·缦云7幢102室,248.32,可售,90,在售楼盘,0571-56685555,0,http://www.tmsf.com/newhouse/presell_33_1710044699_1879755541.htm
351.56,杭州市,29063.48,暂无资料,拱墅,建发·缦云7幢1101室,241.9,可售,90,在售楼盘,0571-56685555,0,http://www.tmsf.com/newhouse/presell_33_1710044699_1879755541.htm
318.67,杭州市,29063.48,暂无资料,拱墅,建发·缦云3幢1101室,223.72,可售,90,在售楼盘,0571-56685555,0,http://www.tmsf.com/newhouse/presell_33_1710044699_1879755541.htm
318.68,杭州市,29063.48,暂无资料,拱墅,建发·缦云6幢1101室,223.72,可售,90,在售楼盘,0571-56685555,0,http://www.tmsf.com/newhouse/presell_33_1710044699_1879755541.htm
318.28,杭州市,29063.48,暂无资料,拱墅,建发·缦云3幢1102室,223.44,可售,90,在售楼盘,0571-56685555,0,http://www.tmsf.com/newhouse/presell_33_1710044699_1879755541.htm
318.28,杭州市,29063.48,暂无资料,拱墅,建发·缦云6幢1102室,223.44,可售,90,在售楼盘,0571-56685555,0,http://www.tmsf.com/newhouse/presell_33_1710044699_1879755541.htm
326.19,杭州市,29063.48,暂无资料,拱墅,建发·缦云7幢1102室,224.44,可售,90,在售楼盘,0571-56685555,0,http://www.tmsf.com/newhouse/presell_33_1710044699_1879755541.htm
318.67,杭州市,29063.48,暂无资料,拱墅,建发·缦云3幢1201室,223.72,可售,90,在售楼盘,0571-56685555,0,http://www.tmsf.com/newhouse/presell_33_1710044699_1879755541.htm
351.56,杭州市,29063.48,暂无资料,拱墅,建发·缦云7幢1201室,241.9,可售,90,在售楼盘,0571-56685555,0,http://www.tmsf.com/newhouse/presell_33_1710044699_1879755541.htm
318.68,杭州市,29063.48,暂无资料,拱墅,建发·缦云6幢1201室,223.72,可售,90,在售楼盘,0571-56685555,0,http://www.tmsf.com/newhouse/presell_33_1710044699_1879755541.htm
318.28,杭州市,29063.48,暂无资料,拱墅,建发·缦云6幢1202室,223.44,可售,90,在售楼盘,0571-56685555,0,http://www.tmsf.com/newhouse/presell_33_1710044699_1879755541.htm
318.28,杭州市,29063.48,暂无资料,拱墅,建发·缦云3幢1202室,223.44,可售,90,在售楼盘,0571-56685555,0,http://www.tmsf.com/newhouse/presell_33_1710044699_1879755541.htm
326.19,杭州市,29063.48,暂无资料,拱墅,建发·缦云7幢1202室,224.44,可售,90,在售楼盘,0571-56685555,0,http://www.tmsf.com/newhouse/presell_33_1710044699_1879755541.htm
351.56,杭州市,29063.48,暂无资料,拱墅,建发·缦云7幢1301室,241.9,可售,90,在售楼盘,0571-56685555,0,http://www.tmsf.com/newhouse/presell_33_1710044699_1879755541.htm
318.67,杭州市,29063.48,暂无资料,拱墅,建发·缦云3幢1301室,223.72,可售,90,在售楼盘,0571-56685555,0,http://www.tmsf.com/newhouse/presell_33_1710044699_1879755541.htm
318.68,杭州市,29063.48,暂无资料,拱墅,建发·缦云6幢1301室,223.72,可售,90,在售楼盘,0571-56685555,0,http://www.tmsf.com/newhouse/presell_33_1710044699_1879755541.htm
326.19,杭州市,29063.48,暂无资料,拱墅,建发·缦云7幢1302室,224.44,可售,90,在售楼盘,0571-56685555,0,http://www.tmsf.com/newhouse/presell_33_1710044699_1879755541.htm
318.28,杭州市,29063.48,暂无资料,拱墅,建发·缦云6幢1302室,223.44,可售,90,在售楼盘,0571-56685555,0,http://www.tmsf.com/newhouse/presell_33_1710044699_1879755541.htm
318.28,杭州市,29063.48,暂无资料,拱墅,建发·缦云3幢1302室,223.44,可售,90,在售楼盘,0571-56685555,0,http://www.tmsf.com/newhouse/presell_33_1710044699_1879755541.htm
351.56,杭州市,29063.48,暂无资料,拱墅,建发·缦云7幢1401室,241.9,可售,90,在售楼盘,0571-56685555,0,http://www.tmsf.com/newhouse/presell_33_1710044699_1879755541.htm
318.68,杭州市,29063.48,暂无资料,拱墅,建发·缦云6幢1401室,223.72,可售,90,在售楼盘,0571-56685555,0,http://www.tmsf.com/newhouse/presell_33_1710044699_1879755541.htm
318.67,杭州市,29063.48,暂无资料,拱墅,建发·缦云3幢1401室,223.72,可售,90,在售楼盘,0571-56685555,0,http://www.tmsf.com/newhouse/presell_33_1710044699_1879755541.htm
318.28,杭州市,29063.48,暂无资料,拱墅,建发·缦云6幢1402室,223.44,可售,90,在售楼盘,0571-56685555,0,http://www.tmsf.com/newhouse/presell_33_1710044699_1879755541.htm
326.19,杭州市,29063.48,暂无资料,拱墅,建发·缦云7幢1402室,224.44,可售,90,在售楼盘,0571-56685555,0,http://www.tmsf.com/newhouse/presell_33_1710044699_1879755541.htm
318.28,杭州市,29063.48,暂无资料,拱墅,建发·缦云3幢1402室,223.44,可售,90,在售楼盘,0571-56685555,0,http://www.tmsf.com/newhouse/presell_33_1710044699_1879755541.htm
318.67,杭州市,29063.48,暂无资料,拱墅,建发·缦云3幢1501室,223.72,可售,90,在售楼盘,0571-56685555,0,http://www.tmsf.com/newhouse/presell_33_1710044699_1879755541.htm
318.68,杭州市,29063.48,暂无资料,拱墅,建发·缦云6幢1501室,223.72,可售,90,在售楼盘,0571-56685555,0,http://www.tmsf.com/newhouse/presell_33_1710044699_1879755541.htm
351.56,杭州市,29063.48,暂无资料,拱墅,建发·缦云7幢1501室,241.9,可售,90,在售楼盘,0571-56685555,0,http://www.tmsf.com/newhouse/presell_33_1710044699_1879755541.htm
326.19,杭州市,29063.48,暂无资料,拱墅,建发·缦云7幢1502室,224.44,可售,90,在售楼盘,0571-56685555,0,http://www.tmsf.com/newhouse/presell_33_1710044699_1879755541.htm
318.28,杭州市,29063.48,暂无资料,拱墅,建发·缦云3幢1502室,223.44,可售,90,在售楼盘,0571-56685555,0,http://www.tmsf.com/newhouse/presell_33_1710044699_1879755541.htm
318.28,杭州市,29063.48,暂无资料,拱墅,建发·缦云6幢1502室,223.44,可售,90,在售楼盘,0571-56685555,0,http://www.tmsf.com/newhouse/presell_33_1710044699_1879755541.htm
312.68,杭州市,29063.48,暂无资料,拱墅,建发·缦云3幢201室,214.68,可售,90,在售楼盘,0571-56685555,0,http://www.tmsf.com/newhouse/presell_33_1710044699_1879755541.htm
312.68,杭州市,29063.48,暂无资料,拱墅,建发·缦云6幢201室,214.68,可售,90,在售楼盘,0571-56685555,0,http://www.tmsf.com/newhouse/presell_33_1710044699_1879755541.htm
344.2,杭州市,29063.48,暂无资料,拱墅,建发·缦云7幢201室,236.52,可售,90,在售楼盘,0571-56685555,0,http://www.tmsf.com/newhouse/presell_33_1710044699_1879755541.htm
316.32,杭州市,29063.48,暂无资料,拱墅,建发·缦云3幢202室,217.18,可售,90,在售楼盘,0571-56685555,0,http://www.tmsf.com/newhouse/presell_33_1710044699_1879755541.htm
325.5,杭州市,29063.48,暂无资料,拱墅,建发·缦云7幢202室,223.67,可售,90,在售楼盘,0571-56685555,0,http://www.tmsf.com/newhouse/presell_33_1710044699_1879755541.htm
316.32,杭州市,29063.48,暂无资料,拱墅,建发·缦云6幢202室,217.18,可售,90,在售楼盘,0571-56685555,0,http://www.tmsf.com/newhouse/presell_33_1710044699_1879755541.htm
351.56,杭州市,29063.48,暂无资料,拱墅,建发·缦云7幢301室,241.9,可售,90,在售楼盘,0571-56685555,0,http://www.tmsf.com/newhouse/presell_33_1710044699_1879755541.htm
318.68,杭州市,29063.48,暂无资料,拱墅,建发·缦云6幢301室,223.72,可售,90,在售楼盘,0571-56685555,0,http://www.tmsf.com/newhouse/presell_33_1710044699_1879755541.htm
318.67,杭州市,29063.48,暂无资料,拱墅,建发·缦云3幢301室,223.72,可售,90,在售楼盘,0571-56685555,0,http://www.tmsf.com/newhouse/presell_33_1710044699_1879755541.htm
318.28,杭州市,29063.48,暂无资料,拱墅,建发·缦云6幢302室,223.44,可售,90,在售楼盘,0571-56685555,0,http://www.tmsf.com/newhouse/presell_33_1710044699_1879755541.htm
318.28,杭州市,29063.48,暂无资料,拱墅,建发·缦云3幢302室,223.44,可售,90,在售楼盘,0571-56685555,0,http://www.tmsf.com/newhouse/presell_33_1710044699_1879755541.htm
326.19,杭州市,29063.48,暂无资料,拱墅,建发·缦云7幢302室,224.44,可售,90,在售楼盘,0571-56685555,0,http://www.tmsf.com/newhouse/presell_33_1710044699_1879755541.htm
351.56,杭州市,29063.48,暂无资料,拱墅,建发·缦云7幢401室,241.9,可售,90,在售楼盘,0571-56685555,0,http://www.tmsf.com/newhouse/presell_33_1710044699_1879755541.htm
318.68,杭州市,29063.48,暂无资料,拱墅,建发·缦云6幢401室,223.72,可售,90,在售楼盘,0571-56685555,0,http://www.tmsf.com/newhouse/presell_33_1710044699_1879755541.htm
318.67,杭州市,29063.48,暂无资料,拱墅,建发·缦云3幢401室,223.72,可售,90,在售楼盘,0571-56685555,0,http://www.tmsf.com/newhouse/presell_33_1710044699_1879755541.htm
318.28,杭州市,29063.48,暂无资料,拱墅,建发·缦云6幢402室,223.44,可售,90,在售楼盘,0571-56685555,0,http://www.tmsf.com/newhouse/presell_33_1710044699_1879755541.htm
318.28,杭州市,29063.48,暂无资料,拱墅,建发·缦云3幢402室,223.44,可售,90,在售楼盘,0571-56685555,0,http://www.tmsf.com/newhouse/presell_33_1710044699_1879755541.htm
326.19,杭州市,29063.48,暂无资料,拱墅,建发·缦云7幢402室,224.44,可售,90,在售楼盘,0571-56685555,0,http://www.tmsf.com/newhouse/presell_33_1710044699_1879755541.htm
351.56,杭州市,29063.48,暂无资料,拱墅,建发·缦云7幢501室,241.9,可售,90,在售楼盘,0571-56685555,0,http://www.tmsf.com/newhouse/presell_33_1710044699_1879755541.htm
318.68,杭州市,29063.48,暂无资料,拱墅,建发·缦云6幢501室,223.72,可售,90,在售楼盘,0571-56685555,0,http://www.tmsf.com/newhouse/presell_33_1710044699_1879755541.htm
318.67,杭州市,29063.48,暂无资料,拱墅,建发·缦云3幢501室,223.72,可售,90,在售楼盘,0571-56685555,0,http://www.tmsf.com/newhouse/presell_33_1710044699_1879755541.htm
318.28,杭州市,29063.48,暂无资料,拱墅,建发·缦云6幢502室,223.44,可售,90,在售楼盘,0571-56685555,0,http://www.tmsf.com/newhouse/presell_33_1710044699_1879755541.htm
318.28,杭州市,29063.48,暂无资料,拱墅,建发·缦云3幢502室,223.44,可售,90,在售楼盘,0571-56685555,0,http://www.tmsf.com/newhouse/presell_33_1710044699_1879755541.htm
326.19,杭州市,29063.48,暂无资料,拱墅,建发·缦云7幢502室,224.44,可售,90,在售楼盘,0571-56685555,0,http://www.tmsf.com/newhouse/presell_33_1710044699_1879755541.htm
351.56,杭州市,29063.48,暂无资料,拱墅,建发·缦云7幢601室,241.9,可售,90,在售楼盘,0571-56685555,0,http://www.tmsf.com/newhouse/presell_33_1710044699_1879755541.htm
318.68,杭州市,29063.48,暂无资料,拱墅,建发·缦云6幢601室,223.72,可售,90,在售楼盘,0571-56685555,0,http://www.tmsf.com/newhouse/presell_33_1710044699_1879755541.htm
318.67,杭州市,29063.48,暂无资料,拱墅,建发·缦云3幢601室,223.72,可售,90,在售楼盘,0571-56685555,0,http://www.tmsf.com/newhouse/presell_33_1710044699_1879755541.htm
318.28,杭州市,29063.48,暂无资料,拱墅,建发·缦云6幢602室,223.44,可售,90,在售楼盘,0571-56685555,0,http://www.tmsf.com/newhouse/presell_33_1710044699_1879755541.htm
318.28,杭州市,29063.48,暂无资料,拱墅,建发·缦云3幢602室,223.44,可售,90,在售楼盘,0571-56685555,0,http://www.tmsf.com/newhouse/presell_33_1710044699_1879755541.htm
326.19,杭州市,29063.48,暂无资料,拱墅,建发·缦云7幢602室,224.44,可售,90,在售楼盘,0571-56685555,0,http://www.tmsf.com/newhouse/presell_33_1710044699_1879755541.htm
351.56,杭州市,29063.48,暂无资料,拱墅,建发·缦云7幢701室,241.9,可售,90,在售楼盘,0571-56685555,0,http://www.tmsf.com/newhouse/presell_33_1710044699_1879755541.htm
318.68,杭州市,29063.48,暂无资料,拱墅,建发·缦云6幢701室,223.72,可售,90,在售楼盘,0571-56685555,0,http://www.tmsf.com/newhouse/presell_33_1710044699_1879755541.htm
318.67,杭州市,29063.48,暂无资料,拱墅,建发·缦云3幢701室,223.72,可售,90,在售楼盘,0571-56685555,0,http://www.tmsf.com/newhouse/presell_33_1710044699_1879755541.htm
318.28,杭州市,29063.48,暂无资料,拱墅,建发·缦云6幢702室,223.44,可售,90,在售楼盘,0571-56685555,0,http://www.tmsf.com/newhouse/presell_33_1710044699_1879755541.htm
318.28,杭州市,29063.48,暂无资料,拱墅,建发·缦云3幢702室,223.44,可售,90,在售楼盘,0571-56685555,0,http://www.tmsf.com/newhouse/presell_33_1710044699_1879755541.htm
326.19,杭州市,29063.48,暂无资料,拱墅,建发·缦云7幢702室,224.44,可售,90,在售楼盘,0571-56685555,0,http://www.tmsf.com/newhouse/presell_33_1710044699_1879755541.htm
351.56,杭州市,29063.48,暂无资料,拱墅,建发·缦云7幢801室,241.9,可售,90,在售楼盘,0571-56685555,0,http://www.tmsf.com/newhouse/presell_33_1710044699_1879755541.htm
318.68,杭州市,29063.48,暂无资料,拱墅,建发·缦云6幢801室,223.72,可售,90,在售楼盘,0571-56685555,0,http://www.tmsf.com/newhouse/presell_33_1710044699_1879755541.htm
318.67,杭州市,29063.48,暂无资料,拱墅,建发·缦云3幢801室,223.72,可售,90,在售楼盘,0571-56685555,0,http://www.tmsf.com/newhouse/presell_33_1710044699_1879755541.htm
318.28,杭州市,29063.48,暂无资料,拱墅,建发·缦云6幢802室,223.44,可售,90,在售楼盘,0571-56685555,0,http://www.tmsf.com/newhouse/presell_33_1710044699_1879755541.htm
318.28,杭州市,29063.48,暂无资料,拱墅,建发·缦云3幢802室,223.44,可售,90,在售楼盘,0571-56685555,0,http://www.tmsf.com/newhouse/presell_33_1710044699_1879755541.htm
326.19,杭州市,29063.48,暂无资料,拱墅,建发·缦云7幢802室,224.44,可售,90,在售楼盘,0571-56685555,0,http://www.tmsf.com/newhouse/presell_33_1710044699_1879755541.htm
351.56,杭州市,29063.48,暂无资料,拱墅,建发·缦云7幢901室,241.9,可售,90,在售楼盘,0571-56685555,0,http://www.tmsf.com/newhouse/presell_33_1710044699_1879755541.htm
318.68,杭州市,29063.48,暂无资料,拱墅,建发·缦云6幢901室,223.72,可售,90,在售楼盘,0571-56685555,0,http://www.tmsf.com/newhouse/presell_33_1710044699_1879755541.htm
318.67,杭州市,29063.48,暂无资料,拱墅,建发·缦云3幢901室,223.72,可售,90,在售楼盘,0571-56685555,0,http://www.tmsf.com/newhouse/presell_33_1710044699_1879755541.htm
318.28,杭州市,29063.48,暂无资料,拱墅,建发·缦云6幢902室,223.44,可售,90,在售楼盘,0571-56685555,0,http://www.tmsf.com/newhouse/presell_33_1710044699_1879755541.htm
318.28,杭州市,29063.48,暂无资料,拱墅,建发·缦云3幢902室,223.44,可售,90,在售楼盘,0571-56685555,0,http://www.tmsf.com/newhouse/presell_33_1710044699_1879755541.htm
326.19,杭州市,29063.48,暂无资料,拱墅,建发·缦云7幢902室,224.44,可售,90,在售楼盘,0571-56685555,0,http://www.tmsf.com/newhouse/presell_33_1710044699_1879755541.htm
3.59,杭州市,29063.48,暂无资料,拱墅,建发·缦云7幢地下管井室,3.59,限制房产,90,在售楼盘,0571-56685555,0,http://www.tmsf.com/newhouse/presell_33_1710044699_1879755541.htm
3.69,杭州市,29063.48,暂无资料,拱墅,建发·缦云3幢地下管井室,3.69,限制房产,90,在售楼盘,0571-56685555,0,http://www.tmsf.com/newhouse/presell_33_1710044699_1879755541.htm
5.95,杭州市,29063.48,暂无资料,拱墅,建发·缦云6幢地下管井室,5.95,限制房产,90,在售楼盘,0571-56685555,0,http://www.tmsf.com/newhouse/presell_33_1710044699_1879755541.htm
36.38,杭州市,10042.03,暂无资料,西湖,云澜谷商务中心5号楼幢101室,35.57,可售,37,在售楼盘,0571-56081777,0,http://www.tmsf.com/newhouse/presell_33_1826732971_1878394023.htm
87.77,杭州市,10042.03,暂无资料,西湖,云澜谷商务中心4号楼幢101室,83.08,可售,37,在售楼盘,0571-56081777,0,http://www.tmsf.com/newhouse/presell_33_1826732971_1878394023.htm
4313.51,杭州市,10042.03,暂无资料,西湖,云澜谷商务中心1号楼幢101等室,2981.54,限制房产,37,在售楼盘,0571-56081777,0,http://www.tmsf.com/newhouse/presell_33_1826732971_1878394023.htm
45.12,杭州市,10042.03,暂无资料,西湖,云澜谷商务中心4号楼幢102室,42.71,可售,37,在售楼盘,0571-56081777,0,http://www.tmsf.com/newhouse/presell_33_1826732971_1878394023.htm
41.53,杭州市,10042.03,暂无资料,西湖,云澜谷商务中心5号楼幢102室,40.61,可售,37,在售楼盘,0571-56081777,0,http://www.tmsf.com/newhouse/presell_33_1826732971_1878394023.htm
39.95,杭州市,10042.03,暂无资料,西湖,云澜谷商务中心5号楼幢103室,39.06,可售,37,在售楼盘,0571-56081777,0,http://www.tmsf.com/newhouse/presell_33_1826732971_1878394023.htm
46.67,杭州市,10042.03,暂无资料,西湖,云澜谷商务中心4号楼幢103室,44.17,可售,37,在售楼盘,0571-56081777,0,http://www.tmsf.com/newhouse/presell_33_1826732971_1878394023.htm
40.9,杭州市,10042.03,暂无资料,西湖,云澜谷商务中心5号楼幢104室,39.99,可售,37,在售楼盘,0571-56081777,0,http://www.tmsf.com/newhouse/presell_33_1826732971_1878394023.htm
60.38,杭州市,10042.03,暂无资料,西湖,云澜谷商务中心4号楼幢104室,57.15,可售,37,在售楼盘,0571-56081777,0,http://www.tmsf.com/newhouse/presell_33_1826732971_1878394023.htm
90.43,杭州市,10042.03,暂无资料,西湖,云澜谷商务中心4号楼幢105室,88.88,限制房产,37,在售楼盘,0571-56081777,0,http://www.tmsf.com/newhouse/presell_33_1826732971_1878394023.htm
32.93,杭州市,10042.03,暂无资料,西湖,云澜谷商务中心5号楼幢105室,32.2,可售,37,在售楼盘,0571-56081777,0,http://www.tmsf.com/newhouse/presell_33_1826732971_1878394023.htm
34.93,杭州市,10042.03,暂无资料,西湖,云澜谷商务中心5号楼幢106室,34.16,可售,37,在售楼盘,0571-56081777,0,http://www.tmsf.com/newhouse/presell_33_1826732971_1878394023.htm
116.2,杭州市,10042.03,暂无资料,西湖,云澜谷商务中心4号楼幢106室,108.87,可售,37,在售楼盘,0571-56081777,0,http://www.tmsf.com/newhouse/presell_33_1826732971_1878394023.htm
132.54,杭州市,10042.03,暂无资料,西湖,云澜谷商务中心4号楼幢107室,124.18,可售,37,在售楼盘,0571-56081777,0,http://www.tmsf.com/newhouse/presell_33_1826732971_1878394023.htm
91.76,杭州市,10042.03,暂无资料,西湖,云澜谷商务中心5号楼幢107室,85.56,可售,37,在售楼盘,0571-56081777,0,http://www.tmsf.com/newhouse/presell_33_1826732971_1878394023.htm
54.6,杭州市,10042.03,暂无资料,西湖,云澜谷商务中心5号楼幢108室,50.91,可售,37,在售楼盘,0571-56081777,0,http://www.tmsf.com/newhouse/presell_33_1826732971_1878394023.htm
58.39,杭州市,10042.03,暂无资料,西湖,云澜谷商务中心5号楼幢109室,54.44,可售,37,在售楼盘,0571-56081777,0,http://www.tmsf.com/newhouse/presell_33_1826732971_1878394023.htm
453.17,杭州市,10042.03,暂无资料,西湖,云澜谷商务中心5号楼幢201室,274.18,限制房产,37,在售楼盘,0571-56081777,0,http://www.tmsf.com/newhouse/presell_33_1826732971_1878394023.htm
415.06,杭州市,10042.03,暂无资料,西湖,云澜谷商务中心4号楼幢201室,273.77,可售,37,在售楼盘,0571-56081777,0,http://www.tmsf.com/newhouse/presell_33_1826732971_1878394023.htm
544.24,杭州市,10042.03,暂无资料,西湖,云澜谷商务中心5号楼幢202室,329.28,限制房产,37,在售楼盘,0571-56081777,0,http://www.tmsf.com/newhouse/presell_33_1826732971_1878394023.htm
468.96,杭州市,10042.03,暂无资料,西湖,云澜谷商务中心4号楼幢202室,309.32,可售,37,在售楼盘,0571-56081777,0,http://www.tmsf.com/newhouse/presell_33_1826732971_1878394023.htm
96.82,杭州市,10042.03,暂无资料,西湖,云澜谷商务中心1号楼幢202室,64.74,限制房产,37,在售楼盘,0571-56081777,0,http://www.tmsf.com/newhouse/presell_33_1826732971_1878394023.htm
334.32,杭州市,10042.03,暂无资料,西湖,云澜谷商务中心4号楼幢203室,226.3,可售,37,在售楼盘,0571-56081777,0,http://www.tmsf.com/newhouse/presell_33_1826732971_1878394023.htm
345.21,杭州市,10042.03,暂无资料,西湖,云澜谷商务中心4号楼幢204室,233.67,可售,37,在售楼盘,0571-56081777,0,http://www.tmsf.com/newhouse/presell_33_1826732971_1878394023.htm
330.55,杭州市,10042.03,暂无资料,西湖,云澜谷商务中心4号楼幢205室,223.75,可售,37,在售楼盘,0571-56081777,0,http://www.tmsf.com/newhouse/presell_33_1826732971_1878394023.htm
585.99,杭州市,10042.03,暂无资料,西湖,云澜谷商务中心4号楼幢301室,481.19,可售,37,在售楼盘,0571-56081777,0,http://www.tmsf.com/newhouse/presell_33_1826732971_1878394023.htm
507.25,杭州市,10042.03,暂无资料,西湖,云澜谷商务中心5号楼幢301室,306.9,限制房产,37,在售楼盘,0571-56081777,0,http://www.tmsf.com/newhouse/presell_33_1826732971_1878394023.htm
415.12,杭州市,10042.03,暂无资料,西湖,云澜谷商务中心5号楼幢302室,251.16,限制房产,37,在售楼盘,0571-56081777,0,http://www.tmsf.com/newhouse/presell_33_1826732971_1878394023.htm
334.34,杭州市,10042.03,暂无资料,西湖,云澜谷商务中心4号楼幢302室,226.31,可售,37,在售楼盘,0571-56081777,0,http://www.tmsf.com/newhouse/presell_33_1826732971_1878394023.htm
345.19,杭州市,10042.03,暂无资料,西湖,云澜谷商务中心4号楼幢303室,233.66,可售,37,在售楼盘,0571-56081777,0,http://www.tmsf.com/newhouse/presell_33_1826732971_1878394023.htm
493.86,杭州市,10042.03,暂无资料,西湖,云澜谷商务中心5号楼幢303室,298.8,限制房产,37,在售楼盘,0571-56081777,0,http://www.tmsf.com/newhouse/presell_33_1826732971_1878394023.htm
374.51,杭州市,10042.03,暂无资料,西湖,云澜谷商务中心5号楼幢304室,226.59,限制房产,37,在售楼盘,0571-56081777,0,http://www.tmsf.com/newhouse/presell_33_1826732971_1878394023.htm
330.73,杭州市,10042.03,暂无资料,西湖,云澜谷商务中心4号楼幢304室,223.87,可售,37,在售楼盘,0571-56081777,0,http://www.tmsf.com/newhouse/presell_33_1826732971_1878394023.htm
507.25,杭州市,10042.03,暂无资料,西湖,云澜谷商务中心5号楼幢401室,306.9,可售,37,在售楼盘,0571-56081777,0,http://www.tmsf.com/newhouse/presell_33_1826732971_1878394023.htm
530.86,杭州市,10042.03,暂无资料,西湖,云澜谷商务中心4号楼幢401室,435.92,可售,37,在售楼盘,0571-56081777,0,http://www.tmsf.com/newhouse/presell_33_1826732971_1878394023.htm
415.12,杭州市,10042.03,暂无资料,西湖,云澜谷商务中心5号楼幢402室,251.16,可售,37,在售楼盘,0571-56081777,0,http://www.tmsf.com/newhouse/presell_33_1826732971_1878394023.htm
354.31,杭州市,10042.03,暂无资料,西湖,云澜谷商务中心4号楼幢402室,239.83,可售,37,在售楼盘,0571-56081777,0,http://www.tmsf.com/newhouse/presell_33_1826732971_1878394023.htm
493.86,杭州市,10042.03,暂无资料,西湖,云澜谷商务中心5号楼幢403室,298.8,可售,37,在售楼盘,0571-56081777,0,http://www.tmsf.com/newhouse/presell_33_1826732971_1878394023.htm
330.52,杭州市,10042.03,暂无资料,西湖,云澜谷商务中心4号楼幢403室,223.73,可售,37,在售楼盘,0571-56081777,0,http://www.tmsf.com/newhouse/presell_33_1826732971_1878394023.htm
374.51,杭州市,10042.03,暂无资料,西湖,云澜谷商务中心5号楼幢404室,226.59,限制房产,37,在售楼盘,0571-56081777,0,http://www.tmsf.com/newhouse/presell_33_1826732971_1878394023.htm
515.43,杭州市,10042.03,暂无资料,西湖,云澜谷商务中心5号楼幢501室,311.85,可售,37,在售楼盘,0571-56081777,0,http://www.tmsf.com/newhouse/presell_33_1826732971_1878394023.htm
402.43,杭州市,10042.03,暂无资料,西湖,云澜谷商务中心4号楼幢501室,330.77,可售,37,在售楼盘,0571-56081777,0,http://www.tmsf.com/newhouse/presell_33_1826732971_1878394023.htm
471.6,杭州市,10042.03,暂无资料,西湖,云澜谷商务中心5号楼幢502室,285.33,可售,37,在售楼盘,0571-56081777,0,http://www.tmsf.com/newhouse/presell_33_1826732971_1878394023.htm
676.35,杭州市,10042.03,暂无资料,西湖,云澜谷商务中心4号楼幢502室,457.82,可售,37,在售楼盘,0571-56081777,0,http://www.tmsf.com/newhouse/presell_33_1826732971_1878394023.htm
428.01,杭州市,10042.03,暂无资料,西湖,云澜谷商务中心5号楼幢503室,258.96,可售,37,在售楼盘,0571-56081777,0,http://www.tmsf.com/newhouse/presell_33_1826732971_1878394023.htm
401.04,杭州市,10042.03,暂无资料,西湖,云澜谷商务中心5号楼幢504室,242.64,可售,37,在售楼盘,0571-56081777,0,http://www.tmsf.com/newhouse/presell_33_1826732971_1878394023.htm
104.85,杭州市,10042.03,暂无资料,西湖,云澜谷商务中心7号楼幢7号楼室,104.85,可售,37,在售楼盘,0571-56081777,0,http://www.tmsf.com/newhouse/presell_33_1826732971_1878394023.htm
14.45,杭州市,10042.03,暂无资料,西湖,云澜谷商务中心3号楼幢餐饮专用油烟井室,14.45,限制房产,37,在售楼盘,0571-56081777,0,http://www.tmsf.com/newhouse/presell_33_1826732971_1878394023.htm
56,杭州市,10042.03,暂无资料,西湖,云澜谷商务中心2号楼幢地下非机动车坡道室,56,限制房产,37,在售楼盘,0571-56081777,0,http://www.tmsf.com/newhouse/presell_33_1826732971_1878394023.htm
218.74,杭州市,10042.03,暂无资料,西湖,云澜谷商务中心1号楼幢地下坡道室,218.74,限制房产,37,在售楼盘,0571-56081777,0,http://www.tmsf.com/newhouse/presell_33_1826732971_1878394023.htm
1330.7,杭州市,10042.03,暂无资料,西湖,云澜谷商务中心1号楼幢地下商业室,1330.7,限制房产,37,在售楼盘,0571-56081777,0,http://www.tmsf.com/newhouse/presell_33_1826732971_1878394023.htm
270.6,杭州市,10042.03,暂无资料,西湖,云澜谷商务中心4号楼幢地下汽车坡道室,270.6,限制房产,37,在售楼盘,0571-56081777,0,http://www.tmsf.com/newhouse/presell_33_1826732971_1878394023.htm
25362.1,杭州市,10042.03,暂无资料,西湖,云澜谷商务中心1号楼幢非人防室,25362.1,限制房产,37,在售楼盘,0571-56081777,0,http://www.tmsf.com/newhouse/presell_33_1826732971_1878394023.htm
0.5,杭州市,10042.03,暂无资料,西湖,云澜谷商务中心4号楼幢封闭空间室,0.5,限制房产,37,在售楼盘,0571-56081777,0,http://www.tmsf.com/newhouse/presell_33_1826732971_1878394023.htm
3.02,杭州市,10042.03,暂无资料,西湖,云澜谷商务中心5号楼幢封闭空间室,3.02,限制房产,37,在售楼盘,0571-56081777,0,http://www.tmsf.com/newhouse/presell_33_1826732971_1878394023.htm
0.22,杭州市,10042.03,暂无资料,西湖,云澜谷商务中心7号楼幢封闭空间室,0.22,限制房产,37,在售楼盘,0571-56081777,0,http://www.tmsf.com/newhouse/presell_33_1826732971_1878394023.htm
4.64,杭州市,10042.03,暂无资料,西湖,云澜谷商务中心2号楼幢封闭空间室,4.64,限制房产,37,在售楼盘,0571-56081777,0,http://www.tmsf.com/newhouse/presell_33_1826732971_1878394023.htm
78.31,杭州市,10042.03,暂无资料,西湖,云澜谷商务中心4号楼幢公厕室,76.97,限制房产,37,在售楼盘,0571-56081777,0,http://www.tmsf.com/newhouse/presell_33_1826732971_1878394023.htm
97.89,杭州市,10042.03,暂无资料,西湖,云澜谷商务中心1号楼幢开闭所室,95.96,限制房产,37,在售楼盘,0571-56081777,0,http://www.tmsf.com/newhouse/presell_33_1826732971_1878394023.htm
100.92,杭州市,10042.03,暂无资料,西湖,云澜谷商务中心4号楼幢垃圾站室,99.19,限制房产,37,在售楼盘,0571-56081777,0,http://www.tmsf.com/newhouse/presell_33_1826732971_1878394023.htm
7.26,杭州市,10042.03,暂无资料,西湖,云澜谷商务中心5号楼幢排烟井室,7.26,限制房产,37,在售楼盘,0571-56081777,0,http://www.tmsf.com/newhouse/presell_33_1826732971_1878394023.htm
2,杭州市,10042.03,暂无资料,西湖,云澜谷商务中心3号楼幢排烟井室,2,限制房产,37,在售楼盘,0571-56081777,0,http://www.tmsf.com/newhouse/presell_33_1826732971_1878394023.htm
16.56,杭州市,10042.03,暂无资料,西湖,云澜谷商务中心2号楼幢排烟井、补风井室,16.56,限制房产,37,在售楼盘,0571-56081777,0,http://www.tmsf.com/newhouse/presell_33_1826732971_1878394023.htm
11,杭州市,10042.03,暂无资料,西湖,云澜谷商务中心1号楼幢排烟井、补风井室,11,限制房产,37,在售楼盘,0571-56081777,0,http://www.tmsf.com/newhouse/presell_33_1826732971_1878394023.htm
15.74,杭州市,10042.03,暂无资料,西湖,云澜谷商务中心4号楼幢排烟井等室,15.74,限制房产,37,在售楼盘,0571-56081777,0,http://www.tmsf.com/newhouse/presell_33_1826732971_1878394023.htm
4940.46,杭州市,10042.03,暂无资料,西湖,云澜谷商务中心1号楼幢人防室,4940.46,限制房产,37,在售楼盘,0571-56081777,0,http://www.tmsf.com/newhouse/presell_33_1826732971_1878394023.htm
129.71,杭州市,10042.03,暂无资料,西湖,云澜谷商务中心1号楼幢下沉广场通高部分室,129.71,限制房产,37,在售楼盘,0571-56081777,0,http://www.tmsf.com/newhouse/presell_33_1826732971_1878394023.htm
900.78,杭州市,10042.03,暂无资料,西湖,云澜谷商务中心1号楼幢小区共用室,900.78,限制房产,37,在售楼盘,0571-56081777,0,http://www.tmsf.com/newhouse/presell_33_1826732971_1878394023.htm
19813.95,杭州市,10042.03,暂无资料,西湖,云澜谷商务中心2号楼幢云澜谷商务中心2号楼室,14542.97,限制房产,37,在售楼盘,0571-56081777,0,http://www.tmsf.com/newhouse/presell_33_1826732971_1878394023.htm
6333.87,杭州市,10042.03,暂无资料,西湖,云澜谷商务中心3号楼幢云澜谷商务中心3号楼室,4854.43,限制房产,37,在售楼盘,0571-56081777,0,http://www.tmsf.com/newhouse/presell_33_1826732971_1878394023.htm
area,city_name,issue_area,layout,region,room_code,room_sale_area,room_sale_state,room_sum,sale_state,sale_telephone,sumulation_price,url
225.7,杭州市,8609.16,暂无资料,天目山镇,如沐清晖城94幢101室,225.7,可售,37,在售楼盘,0571-63963333,41168,http://www.tmsf.com/newhouse/presell_330191_1681864584_7025578.htm
238.59,杭州市,8609.16,暂无资料,天目山镇,如沐清晖城96幢101室,238.59,可售,37,在售楼盘,0571-63963333,52918,http://www.tmsf.com/newhouse/presell_330191_1681864584_7025578.htm
235.06,杭州市,8609.16,暂无资料,天目山镇,如沐清晖城99幢101室,235.06,可售,37,在售楼盘,0571-63963333,40034,http://www.tmsf.com/newhouse/presell_330191_1681864584_7025578.htm
235.85,杭州市,8609.16,暂无资料,天目山镇,如沐清晖城97幢101室,235.85,可售,37,在售楼盘,0571-63963333,40636,http://www.tmsf.com/newhouse/presell_330191_1681864584_7025578.htm
236.9,杭州市,8609.16,暂无资料,天目山镇,如沐清晖城93幢101室,236.9,可售,37,在售楼盘,0571-63963333,32098,http://www.tmsf.com/newhouse/presell_330191_1681864584_7025578.htm
235.38,杭州市,8609.16,暂无资料,天目山镇,如沐清晖城98幢101室,235.38,可售,37,在售楼盘,0571-63963333,40269,http://www.tmsf.com/newhouse/presell_330191_1681864584_7025578.htm
237.78,杭州市,8609.16,暂无资料,天目山镇,如沐清晖城95幢101室,237.78,可售,37,在售楼盘,0571-63963333,39376,http://www.tmsf.com/newhouse/presell_330191_1681864584_7025578.htm
224.34,杭州市,8609.16,暂无资料,天目山镇,如沐清晖城94幢102室,224.34,可售,37,在售楼盘,0571-63963333,40716,http://www.tmsf.com/newhouse/presell_330191_1681864584_7025578.htm
246.6,杭州市,8609.16,暂无资料,天目山镇,如沐清晖城96幢102室,246.6,可售,37,在售楼盘,0571-63963333,51359,http://www.tmsf.com/newhouse/presell_330191_1681864584_7025578.htm
235.06,杭州市,8609.16,暂无资料,天目山镇,如沐清晖城99幢102室,235.06,可售,37,在售楼盘,0571-63963333,39471,http://www.tmsf.com/newhouse/presell_330191_1681864584_7025578.htm
236.22,杭州市,8609.16,暂无资料,天目山镇,如沐清晖城97幢102室,236.22,可售,37,在售楼盘,0571-63963333,40313,http://www.tmsf.com/newhouse/presell_330191_1681864584_7025578.htm
226.53,杭州市,8609.16,暂无资料,天目山镇,如沐清晖城93幢102室,226.53,可售,37,在售楼盘,0571-63963333,32081,http://www.tmsf.com/newhouse/presell_330191_1681864584_7025578.htm
225.29,杭州市,8609.16,暂无资料,天目山镇,如沐清晖城98幢102室,225.29,可售,37,在售楼盘,0571-63963333,39548,http://www.tmsf.com/newhouse/presell_330191_1681864584_7025578.htm
245.56,杭州市,8609.16,暂无资料,天目山镇,如沐清晖城95幢102室,245.56,可售,37,在售楼盘,0571-63963333,38380,http://www.tmsf.com/newhouse/presell_330191_1681864584_7025578.htm
224.13,杭州市,8609.16,暂无资料,天目山镇,如沐清晖城95幢103室,224.13,可售,37,在售楼盘,0571-63963333,40098,http://www.tmsf.com/newhouse/presell_330191_1681864584_7025578.htm
222.96,杭州市,8609.16,暂无资料,天目山镇,如沐清晖城94幢103室,222.96,可售,37,在售楼盘,0571-63963333,40994,http://www.tmsf.com/newhouse/presell_330191_1681864584_7025578.htm
249.49,杭州市,8609.16,暂无资料,天目山镇,如沐清晖城97幢103室,249.49,可售,37,在售楼盘,0571-63963333,38537,http://www.tmsf.com/newhouse/presell_330191_1681864584_7025578.htm
226.53,杭州市,8609.16,暂无资料,天目山镇,如沐清晖城93幢103室,226.53,可售,37,在售楼盘,0571-63963333,32048,http://www.tmsf.com/newhouse/presell_330191_1681864584_7025578.htm
235.56,杭州市,8609.16,暂无资料,天目山镇,如沐清晖城99幢103室,235.56,可售,37,在售楼盘,0571-63963333,40699,http://www.tmsf.com/newhouse/presell_330191_1681864584_7025578.htm
225.71,杭州市,8609.16,暂无资料,天目山镇,如沐清晖城98幢103室,225.71,可售,37,在售楼盘,0571-63963333,41858,http://www.tmsf.com/newhouse/presell_330191_1681864584_7025578.htm
235.51,杭州市,8609.16,暂无资料,天目山镇,如沐清晖城99幢104室,235.51,可售,37,在售楼盘,0571-63963333,53418,http://www.tmsf.com/newhouse/presell_330191_1681864584_7025578.htm
222.97,杭州市,8609.16,暂无资料,天目山镇,如沐清晖城98幢104室,222.97,可售,37,在售楼盘,0571-63963333,41399,http://www.tmsf.com/newhouse/presell_330191_1681864584_7025578.htm
220.95,杭州市,8609.16,暂无资料,天目山镇,如沐清晖城93幢104室,220.95,可售,37,在售楼盘,0571-63963333,32048,http://www.tmsf.com/newhouse/presell_330191_1681864584_7025578.htm
235.13,杭州市,8609.16,暂无资料,天目山镇,如沐清晖城94幢104室,235.13,可售,37,在售楼盘,0571-63963333,50922,http://www.tmsf.com/newhouse/presell_330191_1681864584_7025578.htm
235.64,杭州市,8609.16,暂无资料,天目山镇,如沐清晖城97幢104室,235.64,可售,37,在售楼盘,0571-63963333,40813,http://www.tmsf.com/newhouse/presell_330191_1681864584_7025578.htm
224.34,杭州市,8609.16,暂无资料,天目山镇,如沐清晖城95幢104室,224.34,可售,37,在售楼盘,0571-63963333,40804,http://www.tmsf.com/newhouse/presell_330191_1681864584_7025578.htm
246.63,杭州市,8609.16,暂无资料,天目山镇,如沐清晖城93幢105室,246.63,可售,37,在售楼盘,0571-63963333,31558,http://www.tmsf.com/newhouse/presell_330191_1681864584_7025578.htm
222.96,杭州市,8609.16,暂无资料,天目山镇,如沐清晖城95幢105室,222.96,可售,37,在售楼盘,0571-63963333,40772,http://www.tmsf.com/newhouse/presell_330191_1681864584_7025578.htm
225.71,杭州市,8609.16,暂无资料,天目山镇,如沐清晖城94幢105室,225.71,可售,37,在售楼盘,0571-63963333,41084,http://www.tmsf.com/newhouse/presell_330191_1681864584_7025578.htm
222.43,杭州市,8609.16,暂无资料,天目山镇,如沐清晖城98幢105室,222.43,可售,37,在售楼盘,0571-63963333,40849,http://www.tmsf.com/newhouse/presell_330191_1681864584_7025578.htm
236.36,杭州市,8609.16,暂无资料,天目山镇,如沐清晖城98幢106室,236.36,可售,37,在售楼盘,0571-63963333,51887,http://www.tmsf.com/newhouse/presell_330191_1681864584_7025578.htm
235.56,杭州市,8609.16,暂无资料,天目山镇,如沐清晖城95幢106室,235.56,可售,37,在售楼盘,0571-63963333,52963,http://www.tmsf.com/newhouse/presell_330191_1681864584_7025578.htm
224.34,杭州市,8609.16,暂无资料,天目山镇,如沐清晖城94幢106室,224.34,可售,37,在售楼盘,0571-63963333,40701,http://www.tmsf.com/newhouse/presell_330191_1681864584_7025578.htm
235.61,杭州市,8609.16,暂无资料,天目山镇,如沐清晖城93幢106室,235.61,可售,37,在售楼盘,0571-63963333,30280,http://www.tmsf.com/newhouse/presell_330191_1681864584_7025578.htm
245.85,杭州市,8609.16,暂无资料,天目山镇,如沐清晖城98幢107室,245.85,可售,37,在售楼盘,0571-63963333,50235,http://www.tmsf.com/newhouse/presell_330191_1681864584_7025578.htm
223.21,杭州市,8609.16,暂无资料,天目山镇,如沐清晖城94幢107室,223.21,可售,37,在售楼盘,0571-63963333,40644,http://www.tmsf.com/newhouse/presell_330191_1681864584_7025578.htm
246.72,杭州市,8609.16,暂无资料,天目山镇,如沐清晖城94幢108室,246.72,可售,37,在售楼盘,0571-63963333,50210,http://www.tmsf.com/newhouse/presell_330191_1681864584_7025578.htm
3.93,杭州市,8609.16,暂无资料,天目山镇,如沐清晖城93幢计容1室,3.93,限制房产,37,在售楼盘,0571-63963333,-,http://www.tmsf.com/newhouse/presell_330191_1681864584_7025578.htm
139.35,杭州市,11476.8,暂无资料,锦城街道,银城青山湖畔18幢101室,116.61,可售,96,在售楼盘,0571-63668888,22932,http://www.tmsf.com/newhouse/presell_330191_1205413917_7025357.htm
105.94,杭州市,11476.8,暂无资料,锦城街道,银城青山湖畔25幢101室,88.88,可售,96,在售楼盘,0571-63668888,22132,http://www.tmsf.com/newhouse/presell_330191_1205413917_7025357.htm
125.51,杭州市,11476.8,暂无资料,锦城街道,银城青山湖畔19幢101室,105.03,可售,96,在售楼盘,0571-63668888,21932,http://www.tmsf.com/newhouse/presell_330191_1205413917_7025357.htm
125.4,杭州市,11476.8,暂无资料,锦城街道,银城青山湖畔19幢102室,104.94,可售,96,在售楼盘,0571-63668888,21654,http://www.tmsf.com/newhouse/presell_330191_1205413917_7025357.htm
125.4,杭州市,11476.8,暂无资料,锦城街道,银城青山湖畔18幢102室,104.94,可售,96,在售楼盘,0571-63668888,21987,http://www.tmsf.com/newhouse/presell_330191_1205413917_7025357.htm
95.7,杭州市,11476.8,暂无资料,锦城街道,银城青山湖畔25幢102室,80.29,可售,96,在售楼盘,0571-63668888,21321,http://www.tmsf.com/newhouse/presell_330191_1205413917_7025357.htm
125.4,杭州市,11476.8,暂无资料,锦城街道,银城青山湖畔18幢103室,104.94,可售,96,在售楼盘,0571-63668888,21987,http://www.tmsf.com/newhouse/presell_330191_1205413917_7025357.htm
125.4,杭州市,11476.8,暂无资料,锦城街道,银城青山湖畔19幢103室,104.94,可售,96,在售楼盘,0571-63668888,21654,http://www.tmsf.com/newhouse/presell_330191_1205413917_7025357.htm
95.7,杭州市,11476.8,暂无资料,锦城街道,银城青山湖畔25幢103室,80.29,可售,96,在售楼盘,0571-63668888,21321,http://www.tmsf.com/newhouse/presell_330191_1205413917_7025357.htm
125.51,杭州市,11476.8,暂无资料,锦城街道,银城青山湖畔18幢104室,105.03,可售,96,在售楼盘,0571-63668888,22154,http://www.tmsf.com/newhouse/presell_330191_1205413917_7025357.htm
105.94,杭州市,11476.8,暂无资料,锦城街道,银城青山湖畔25幢104室,88.88,可售,96,在售楼盘,0571-63668888,20909,http://www.tmsf.com/newhouse/presell_330191_1205413917_7025357.htm
139.35,杭州市,11476.8,暂无资料,锦城街道,银城青山湖畔19幢104室,116.61,可售,96,在售楼盘,0571-63668888,21932,http://www.tmsf.com/newhouse/presell_330191_1205413917_7025357.htm
125.51,杭州市,11476.8,暂无资料,锦城街道,银城青山湖畔19幢201室,105.03,可售,96,在售楼盘,0571-63668888,21821,http://www.tmsf.com/newhouse/presell_330191_1205413917_7025357.htm
105.94,杭州市,11476.8,暂无资料,锦城街道,银城青山湖畔25幢201室,88.88,可售,96,在售楼盘,0571-63668888,22021,http://www.tmsf.com/newhouse/presell_330191_1205413917_7025357.htm
139.35,杭州市,11476.8,暂无资料,锦城街道,银城青山湖畔18幢201室,116.61,可售,96,在售楼盘,0571-63668888,22821,http://www.tmsf.com/newhouse/presell_330191_1205413917_7025357.htm
125.4,杭州市,11476.8,暂无资料,锦城街道,银城青山湖畔19幢202室,104.94,可售,96,在售楼盘,0571-63668888,21543,http://www.tmsf.com/newhouse/presell_330191_1205413917_7025357.htm
125.4,杭州市,11476.8,暂无资料,锦城街道,银城青山湖畔18幢202室,104.94,可售,96,在售楼盘,0571-63668888,21876,http://www.tmsf.com/newhouse/presell_330191_1205413917_7025357.htm
95.7,杭州市,11476.8,暂无资料,锦城街道,银城青山湖畔25幢202室,80.29,可售,96,在售楼盘,0571-63668888,21209,http://www.tmsf.com/newhouse/presell_330191_1205413917_7025357.htm
125.4,杭州市,11476.8,暂无资料,锦城街道,银城青山湖畔19幢203室,104.94,可售,96,在售楼盘,0571-63668888,21543,http://www.tmsf.com/newhouse/presell_330191_1205413917_7025357.htm
125.4,杭州市,11476.8,暂无资料,锦城街道,银城青山湖畔18幢203室,104.94,可售,96,在售楼盘,0571-63668888,21876,http://www.tmsf.com/newhouse/presell_330191_1205413917_7025357.htm
